emoji,name,group,exclude
😀,Grinning Face,Smileys & Emotion,
😃,Grinning Face with Big Eyes,Smileys & Emotion,
😄,Grinning Face with Smiling Eyes,Smileys & Emotion,
😁,Beaming Face with Smiling Eyes,Smileys & Emotion,
😆,Grinning Squinting Face,Smileys & Emotion,
😅,Grinning Face with Sweat,Smileys & Emotion,
🤣,Rolling on the Floor Laughing,Smileys & Emotion,
😂,Face with Tears of Joy,Smileys & Emotion,
🙂,Slightly Smiling Face,Smileys & Emotion,
🙃,Upside-Down Face,Smileys & Emotion,
😉,Winking Face,Smileys & Emotion,
😊,Smiling Face with Smiling Eyes,Smileys & Emotion,
😇,Smiling Face with Halo,Smileys & Emotion,
🥰,Smiling Face with Hearts,Smileys & Emotion,
😍,Smiling Face with Heart-Eyes,Smileys & Emotion,
🤩,Star-Struck,Smileys & Emotion,
😘,Face Blowing a Kiss,Smileys & Emotion,
😗,Kissing Face,Smileys & Emotion,
😚,Kissing Face with Closed Eyes,Smileys & Emotion,
😙,Kissing Face with Smiling Eyes,Smileys & Emotion,
😋,Face Savoring Food,Smileys & Emotion,
😛,Face with Tongue,Smileys & Emotion,
😜,Winking Face with Tongue,Smileys & Emotion,
🤪,Zany Face,Smileys & Emotion,
😝,Squinting Face with Tongue,Smileys & Emotion,
🤑,Money-Mouth Face,Smileys & Emotion,
🤗,Hugging Face,Smileys & Emotion,
🤭,Face with Hand Over Mouth,Smileys & Emotion,
🤫,Shushing Face,Smileys & Emotion,
🤔,Thinking Face,Smileys & Emotion,
🤐,Zipper-Mouth Face,Smileys & Emotion,
🤨,Face with Raised Eyebrow,Smileys & Emotion,
😐,Neutral Face,Smileys & Emotion,
😑,Expressionless Face,Smileys & Emotion,
😶,Face Without Mouth,Smileys & Emotion,
😏,Smirking Face,Smileys & Emotion,
😒,Unamused Face,Smileys & Emotion,
🙄,Face with Rolling Eyes,Smileys & Emotion,
😬,Grimacing Face,Smileys & Emotion,
🤥,Lying Face,Smileys & Emotion,
😌,Relieved Face,Smileys & Emotion,
😔,Pensive Face,Smileys & Emotion,
😪,Sleepy Face,Smileys & Emotion,
🤤,Drooling Face,Smileys & Emotion,
😴,Sleeping Face,Smileys & Emotion,
😷,Face with Medical Mask,Smileys & Emotion,
🤒,Face with Thermometer,Smileys & Emotion,
🤕,Face with Head-Bandage,Smileys & Emotion,
🤢,Nauseated Face,Smileys & Emotion,
🤮,Face Vomiting,Smileys & Emotion,
🤧,Sneezing Face,Smileys & Emotion,
🥵,Hot Face,Smileys & Emotion,
🥶,Cold Face,Smileys & Emotion,
😵,Dizzy Face,Smileys & Emotion,
🤯,Exploding Head,Smileys & Emotion,
🤠,Cowboy Hat Face,Smileys & Emotion,
🥳,Partying Face,Smileys & Emotion,
😎,Smiling Face with Sunglasses,Smileys & Emotion,
🤓,Nerd Face,Smileys & Emotion,
🧐,Face with Monocle,Smileys & Emotion,
😕,Confused Face,Smileys & Emotion,
😟,Worried Face,Smileys & Emotion,
🙁,Slightly Frowning Face,Smileys & Emotion,
☹️,Frowning Face,Smileys & Emotion,
😮,Face with Open Mouth,Smileys & Emotion,
😯,Hushed Face,Smileys & Emotion,
😲,Astonished Face,Smileys & Emotion,
😳,Flushed Face,Smileys & Emotion,
🥺,Pleading Face,Smileys & Emotion,
😦,Frowning Face with Open Mouth,Smileys & Emotion,
😧,Anguished Face,Smileys & Emotion,
😨,Fearful Face,Smileys & Emotion,
😰,Anxious Face with Sweat,Smileys & Emotion,
😥,Sad but Relieved Face,Smileys & Emotion,
😢,Crying Face,Smileys & Emotion,
😭,Loudly Crying Face,Smileys & Emotion,
😱,Face Screaming in Fear,Smileys & Emotion,
😖,Confounded Face,Smileys & Emotion,
😣,Persevering Face,Smileys & Emotion,
😞,Disappointed Face,Smileys & Emotion,
😓,Downcast Face with Sweat,Smileys & Emotion,
😩,Weary Face,Smileys & Emotion,
😫,Tired Face,Smileys & Emotion,
🥱,Yawning Face,Smileys & Emotion,
😤,Face with Steam From Nose,Smileys & Emotion,
😡,Pouting Face,Smileys & Emotion,
😠,Angry Face,Smileys & Emotion,
🤬,Face with Symbols on Mouth,Smileys & Emotion,
😈,Smiling Face with Horns,Smileys & Emotion,
👿,Angry Face with Horns,Smileys & Emotion,
💀,Skull,Smileys & Emotion,
☠️,Skull and Crossbones,Smileys & Emotion,
💩,Pile of Poo,Smileys & Emotion,
🤡,Clown Face,Smileys & Emotion,
👹,Ogre,Smileys & Emotion,
👺,Goblin,Smileys & Emotion,
👻,Ghost,Smileys & Emotion,
👽,Alien,Smileys & Emotion,
👾,Alien Monster,Smileys & Emotion,
🤖,Robot,Smileys & Emotion,
💌,Love Letter,Smileys & Emotion,
💘,Heart with Arrow,Smileys & Emotion,
💝,Heart with Ribbon,Smileys & Emotion,
💖,Sparkling Heart,Smileys & Emotion,
💗,Growing Heart,Smileys & Emotion,
💓,Beating Heart,Smileys & Emotion,
💞,Revolving Hearts,Smileys & Emotion,
💕,Two Hearts,Smileys & Emotion,
💟,Heart Decoration,Smileys & Emotion,
❣️,Heart Exclamation,Smileys & Emotion,
💔,Broken Heart,Smileys & Emotion,
❤️,Red Heart,Smileys & Emotion,
🧡,Orange Heart,Smileys & Emotion,
💛,Yellow Heart,Smileys & Emotion,
💚,Green Heart,Smileys & Emotion,
💙,Blue Heart,Smileys & Emotion,
💜,Purple Heart,Smileys & Emotion,
🤎,Brown Heart,Smileys & Emotion,
🖤,Black Heart,Smileys & Emotion,
🤍,White Heart,Smileys & Emotion,
💯,Hundred Points,Smileys & Emotion,
💢,Anger Symbol,Smileys & Emotion,
💥,Collision,Smileys & Emotion,
💫,Dizzy,Smileys & Emotion,
💦,Sweat Droplets,Smileys & Emotion,
💨,Dashing Away,Smileys & Emotion,
🕳️,Hole,Smileys & Emotion,
💬,Speech Balloon,Smileys & Emotion,
👁️‍🗨️,Eye in Speech Bubble,Smileys & Emotion,
🗨️,Left Speech Bubble,Smileys & Emotion,
🗯️,Right Anger Bubble,Smileys & Emotion,
💭,Thought Balloon,Smileys & Emotion,
💤,Zzz,Smileys & Emotion,
👋,Waving Hand,People & Body,
🤚,Raised Back of Hand,People & Body,
🖐️,Hand with Fingers Splayed,People & Body,
✋,Raised Hand,People & Body,
🖖,Vulcan Salute,People & Body,
👌,OK Hand,People & Body,
🤏,Pinching Hand,People & Body,
✌️,Victory Hand,People & Body,
🤞,Crossed Fingers,People & Body,
🤟,Love-You Gesture,People & Body,
🤘,Sign of the Horns,People & Body,
🤙,Call Me Hand,People & Body,
👈,Backhand Index Pointing Left,People & Body,
👉,Backhand Index Pointing Right,People & Body,
👆,Backhand Index Pointing Up,People & Body,
🖕,Middle Finger,People & Body,
👇,Backhand Index Pointing Down,People & Body,
☝️,Index Pointing Up,People & Body,
👍,Thumbs Up,People & Body,
👎,Thumbs Down,People & Body,
✊,Raised Fist,People & Body,
👊,Oncoming Fist,People & Body,
🤛,Left-Facing Fist,People & Body,
🤜,Right-Facing Fist,People & Body,
👏,Clapping Hands,People & Body,
🙌,Raising Hands,People & Body,
👐,Open Hands,People & Body,
🤲,Palms Up Together,People & Body,
🤝,Handshake,People & Body,
🙏,Folded Hands,People & Body,
✍️,Writing Hand,People & Body,
💅,Nail Polish,People & Body,
🤳,Selfie,People & Body,
💪,Flexed Biceps,People & Body,
🦾,Mechanical Arm,People & Body,
🦿,Mechanical Leg,People & Body,
🦵,Leg,People & Body,
🦶,Foot,People & Body,
👂,Ear,People & Body,
🦻,Ear with Hearing Aid,People & Body,
👃,Nose,People & Body,
🧠,Brain,People & Body,
🦷,Tooth,People & Body,
🦴,Bone,People & Body,
👀,Eyes,People & Body,
👁️,Eye,People & Body,
👅,Tongue,People & Body,
👄,Mouth,People & Body,
🤺,Person Fencing,People & Body,
⛷️,Skier,People & Body,
🏂,Snowboarder,People & Body,
🏋️,Person Lifting Weights,People & Body,
🤸,Person Cartwheeling,People & Body,
🤼,People Wrestling,People & Body,
🤽,Person Playing Water Polo,People & Body,
🤾,Person Playing Handball,People & Body,
🛀,Person Taking Bath,People & Body,
🛌,Person in Bed,People & Body,
🐵,Monkey Face,Animals & Nature,
🐒,Monkey,Animals & Nature,
🦍,Gorilla,Animals & Nature,
🦧,Orangutan,Animals & Nature,
🐶,Dog Face,Animals & Nature,
🐕,Dog,Animals & Nature,
🦮,Guide Dog,Animals & Nature,
🐩,Poodle,Animals & Nature,
🐺,Wolf,Animals & Nature,
🦊,Fox,Animals & Nature,
🦝,Raccoon,Animals & Nature,
🐱,Cat Face,Animals & Nature,
🐈,Cat,Animals & Nature,
🦁,Lion,Animals & Nature,
🐯,Tiger Face,Animals & Nature,
🐅,Tiger,Animals & Nature,
🐆,Leopard,Animals & Nature,
🐴,Horse Face,Animals & Nature,
🐎,Horse,Animals & Nature,
🦄,Unicorn,Animals & Nature,
🦓,Zebra,Animals & Nature,
🦌,Deer,Animals & Nature,
🐮,Cow Face,Animals & Nature,
🐂,Ox,Animals & Nature,
🐃,Water Buffalo,Animals & Nature,
🐄,Cow,Animals & Nature,
🐷,Pig Face,Animals & Nature,
🐖,Pig,Animals & Nature,
🐗,Boar,Animals & Nature,
🐽,Pig Nose,Animals & Nature,
🐏,Ram,Animals & Nature,
🐑,Ewe,Animals & Nature,
🐐,Goat,Animals & Nature,
🐪,Camel,Animals & Nature,
🐫,Two-Hump Camel,Animals & Nature,
🦙,Llama,Animals & Nature,
🦒,Giraffe,Animals & Nature,
🐘,Elephant,Animals & Nature,
🦏,Rhinoceros,Animals & Nature,
🦛,Hippopotamus,Animals & Nature,
🐭,Mouse Face,Animals & Nature,
🐁,Mouse,Animals & Nature,
🐀,Rat,Animals & Nature,
🐹,Hamster,Animals & Nature,
🐰,Rabbit Face,Animals & Nature,
🐇,Rabbit,Animals & Nature,
🐿️,Chipmunk,Animals & Nature,
🦔,Hedgehog,Animals & Nature,
🦇,Bat,Animals & Nature,
🐻,Bear,Animals & Nature,
🐨,Koala,Animals & Nature,
🐼,Panda,Animals & Nature,
🦥,Sloth,Animals & Nature,
🦦,Otter,Animals & Nature,
🦨,Skunk,Animals & Nature,
🦘,Kangaroo,Animals & Nature,
🦡,Badger,Animals & Nature,
🐾,Paw Prints,Animals & Nature,
🦃,Turkey,Animals & Nature,
🐔,Chicken,Animals & Nature,
🐓,Rooster,Animals & Nature,
🐣,Hatching Chick,Animals & Nature,
🐤,Baby Chick,Animals & Nature,
🐥,Front-Facing Baby Chick,Animals & Nature,
🐦,Bird,Animals & Nature,
🐧,Penguin,Animals & Nature,
🕊️,Dove,Animals & Nature,
🦅,Eagle,Animals & Nature,
🦆,Duck,Animals & Nature,
🦢,Swan,Animals & Nature,
🦉,Owl,Animals & Nature,
🦩,Flamingo,Animals & Nature,
🦚,Peacock,Animals & Nature,
🦜,Parrot,Animals & Nature,
🐸,Frog,Animals & Nature,
🐊,Crocodile,Animals & Nature,
🐢,Turtle,Animals & Nature,
🦎,Lizard,Animals & Nature,
🐍,Snake,Animals & Nature,
🐲,Dragon Face,Animals & Nature,
🐉,Dragon,Animals & Nature,
🦕,Sauropod,Animals & Nature,
🦖,T-Rex,Animals & Nature,
🐳,Spouting Whale,Animals & Nature,
🐋,Whale,Animals & Nature,
🐬,Dolphin,Animals & Nature,
🐟,Fish,Animals & Nature,
🐠,Tropical Fish,Animals & Nature,
🐡,Blowfish,Animals & Nature,
🦈,Shark,Animals & Nature,
🐙,Octopus,Animals & Nature,
🐚,Spiral Shell,Animals & Nature,
🦀,Crab,Animals & Nature,
🦞,Lobster,Animals & Nature,
🦐,Shrimp,Animals & Nature,
🦑,Squid,Animals & Nature,
🦪,Oyster,Animals & Nature,
🐌,Snail,Animals & Nature,
🦋,Butterfly,Animals & Nature,
🐛,Bug,Animals & Nature,
🐜,Ant,Animals & Nature,
🐝,Honeybee,Animals & Nature,
🐞,Lady Beetle,Animals & Nature,
🦗,Cricket,Animals & Nature,
🕷️,Spider,Animals & Nature,
🕸️,Spider Web,Animals & Nature,
🦂,Scorpion,Animals & Nature,
🦟,Mosquito,Animals & Nature,
🦠,Microbe,Animals & Nature,
💐,Bouquet,Animals & Nature,
🌸,Cherry Blossom,Animals & Nature,
💮,White Flower,Animals & Nature,
🏵️,Rosette,Animals & Nature,
🌹,Rose,Animals & Nature,
🥀,Wilted Flower,Animals & Nature,
🌺,Hibiscus,Animals & Nature,
🌻,Sunflower,Animals & Nature,
🌼,Blossom,Animals & Nature,
🌷,Tulip,Animals & Nature,
🌱,Seedling,Animals & Nature,
🌲,Evergreen Tree,Animals & Nature,
🌳,Deciduous Tree,Animals & Nature,
🌴,Palm Tree,Animals & Nature,
🌵,Cactus,Animals & Nature,
🌾,Sheaf of Rice,Animals & Nature,
🌿,Herb,Animals & Nature,
☘️,Shamrock,Animals & Nature,
🍀,Four Leaf Clover,Animals & Nature,
🍁,Maple Leaf,Animals & Nature,
🍂,Fallen Leaf,Animals & Nature,
🍃,Leaf Fluttering in Wind,Animals & Nature,
🍄,Mushroom,Animals & Nature,
🍇,Grapes,Food & Drink,
🍈,Melon,Food & Drink,
🍉,Watermelon,Food & Drink,
🍊,Tangerine,Food & Drink,
🍋,Lemon,Food & Drink,
🍌,Banana,Food & Drink,
🍍,Pineapple,Food & Drink,
🥭,Mango,Food & Drink,
🍎,Red Apple,Food & Drink,
🍏,Green Apple,Food & Drink,
🍐,Pear,Food & Drink,
🍑,Peach,Food & Drink,
🍒,Cherries,Food & Drink,
🍓,Strawberry,Food & Drink,
🥝,Kiwi Fruit,Food & Drink,
🍅,Tomato,Food & Drink,
🥥,Coconut,Food & Drink,
🥑,Avocado,Food & Drink,
🍆,Eggplant,Food & Drink,
🥔,Potato,Food & Drink,
🥕,Carrot,Food & Drink,
🌽,Ear of Corn,Food & Drink,
🌶️,Hot Pepper,Food & Drink,
🥒,Cucumber,Food & Drink,
🥬,Leafy Green,Food & Drink,
🥦,Broccoli,Food & Drink,
🧄,Garlic,Food & Drink,
🧅,Onion,Food & Drink,
🥜,Peanuts,Food & Drink,
🌰,Chestnut,Food & Drink,
🍞,Bread,Food & Drink,
🥐,Croissant,Food & Drink,
🥖,Baguette Bread,Food & Drink,
🥨,Pretzel,Food & Drink,
🥯,Bagel,Food & Drink,
🥞,Pancakes,Food & Drink,
🧇,Waffle,Food & Drink,
🧀,Cheese Wedge,Food & Drink,
🍖,Meat on Bone,Food & Drink,
🍗,Poultry Leg,Food & Drink,
🥩,Cut of Meat,Food & Drink,
🥓,Bacon,Food & Drink,
🍔,Hamburger,Food & Drink,
🍟,French Fries,Food & Drink,
🍕,Pizza,Food & Drink,
🌭,Hot Dog,Food & Drink,
🥪,Sandwich,Food & Drink,
🌮,Taco,Food & Drink,
🌯,Burrito,Food & Drink,
🥙,Stuffed Flatbread,Food & Drink,
🧆,Falafel,Food & Drink,
🥚,Egg,Food & Drink,
🍳,Cooking,Food & Drink,
🥘,Shallow Pan of Food,Food & Drink,
🍲,Pot of Food,Food & Drink,
🥣,Bowl with Spoon,Food & Drink,
🥗,Green Salad,Food & Drink,
🍿,Popcorn,Food & Drink,
🧈,Butter,Food & Drink,
🧂,Salt,Food & Drink,
🥫,Canned Food,Food & Drink,
🍱,Bento Box,Food & Drink,
🍘,Rice Cracker,Food & Drink,
🍙,Rice Ball,Food & Drink,
🍚,Cooked Rice,Food & Drink,
🍛,Curry Rice,Food & Drink,
🍜,Steaming Bowl,Food & Drink,
🍝,Spaghetti,Food & Drink,
🍠,Roasted Sweet Potato,Food & Drink,
🍢,Oden,Food & Drink,
🍣,Sushi,Food & Drink,
🍤,Fried Shrimp,Food & Drink,
🍥,Fish Cake with Swirl,Food & Drink,
🥮,Moon Cake,Food & Drink,
🍡,Dango,Food & Drink,
🥟,Dumpling,Food & Drink,
🥠,Fortune Cookie,Food & Drink,
🥡,Takeout Box,Food & Drink,
🍦,Soft Ice Cream,Food & Drink,
🍧,Shaved Ice,Food & Drink,
🍨,Ice Cream,Food & Drink,
🍩,Doughnut,Food & Drink,
🍪,Cookie,Food & Drink,
🎂,Birthday Cake,Food & Drink,
🍰,Shortcake,Food & Drink,
🧁,Cupcake,Food & Drink,
🥧,Pie,Food & Drink,
🍫,Chocolate Bar,Food & Drink,
🍬,Candy,Food & Drink,
🍭,Lollipop,Food & Drink,
🍮,Custard,Food & Drink,
🍯,Honey Pot,Food & Drink,
🍼,Baby Bottle,Food & Drink,
🥛,Glass of Milk,Food & Drink,
☕,Hot Beverage,Food & Drink,
🍵,Teacup Without Handle,Food & Drink,
🍶,Sake,Food & Drink,
🍾,Bottle with Popping Cork,Food & Drink,
🍷,Wine Glass,Food & Drink,
🍸,Cocktail Glass,Food & Drink,
🍹,Tropical Drink,Food & Drink,
🍺,Beer Mug,Food & Drink,
🍻,Clinking Beer Mugs,Food & Drink,
🥂,Clinking Glasses,Food & Drink,
🥃,Tumbler Glass,Food & Drink,
🥤,Cup with Straw,Food & Drink,
🧃,Beverage Box,Food & Drink,
🧉,Mate,Food & Drink,
🧊,Ice,Food & Drink,
🔪,Kitchen Knife,Food & Drink,
🏺,Amphora,Food & Drink,
🌍,Globe Showing Europe-Africa,Travel & Places,
🌎,Globe Showing Americas,Travel & Places,
🌏,Globe Showing Asia-Australia,Travel & Places,
🌐,Globe with Meridians,Travel & Places,
🗺️,World Map,Travel & Places,
🧭,Compass,Travel & Places,
🏔️,Snow-Capped Mountain,Travel & Places,
⛰️,Mountain,Travel & Places,
🌋,Volcano,Travel & Places,
🗻,Mount Fuji,Travel & Places,
🏕️,Camping,Travel & Places,
🏖️,Beach with Umbrella,Travel & Places,
🏜️,Desert,Travel & Places,
🏝️,Desert Island,Travel & Places,
🏟️,Stadium,Travel & Places,
🏛️,Classical Building,Travel & Places,
🏗️,Building Construction,Travel & Places,
🧱,Brick,Travel & Places,
🏘️,Houses,Travel & Places,
🏚️,Derelict House,Travel & Places,
🏠,House,Travel & Places,
🏡,House with Garden,Travel & Places,
🏢,Office Building,Travel & Places,
🏣,Japanese Post Office,Travel & Places,
🏤,Post Office,Travel & Places,
🏥,Hospital,Travel & Places,
🏦,Bank,Travel & Places,
🏨,Hotel,Travel & Places,
🏩,Love Hotel,Travel & Places,
🏪,Convenience Store,Travel & Places,
🏫,School,Travel & Places,
🏬,Department Store,Travel & Places,
🏭,Factory,Travel & Places,
🏯,Japanese Castle,Travel & Places,
🏰,Castle,Travel & Places,
💒,Wedding,Travel & Places,
🗼,Tokyo Tower,Travel & Places,
🗽,Statue of Liberty,Travel & Places,
⛪,Church,Travel & Places,
🕌,Mosque,Travel & Places,
🕍,Synagogue,Travel & Places,
⛩️,Shinto Shrine,Travel & Places,
🕋,Kaaba,Travel & Places,
⛲,Fountain,Travel & Places,
⛺,Tent,Travel & Places,
♨️,Hot Springs,Travel & Places,
🎠,Carousel Horse,Travel & Places,
🎡,Ferris Wheel,Travel & Places,
🎢,Roller Coaster,Travel & Places,
💈,Barber Pole,Travel & Places,
🎪,Circus Tent,Travel & Places,
🚂,Locomotive,Travel & Places,
🚃,Railway Car,Travel & Places,
🚄,High-Speed Train,Travel & Places,
🚅,Bullet Train,Travel & Places,
🚆,Train,Travel & Places,
🚇,Metro,Travel & Places,
🚈,Light Rail,Travel & Places,
🚉,Station,Travel & Places,
🚊,Tram,Travel & Places,
🚝,Monorail,Travel & Places,
🚞,Mountain Railway,Travel & Places,
🚋,Tram Car,Travel & Places,
🚌,Bus,Travel & Places,
🚍,Oncoming Bus,Travel & Places,
🚎,Trolleybus,Travel & Places,
🚐,Minibus,Travel & Places,
🚑,Ambulance,Travel & Places,
🚒,Fire Engine,Travel & Places,
🚓,Police Car,Travel & Places,
🚔,Oncoming Police Car,Travel & Places,
🚕,Taxi,Travel & Places,
🚖,Oncoming Taxi,Travel & Places,
🚗,Automobile,Travel & Places,
🚘,Oncoming Automobile,Travel & Places,
🚙,Sport Utility Vehicle,Travel & Places,
🚚,Delivery Truck,Travel & Places,
🚛,Articulated Lorry,Travel & Places,
🚜,Tractor,Travel & Places,
🏎️,Racing Car,Travel & Places,
🏍️,Motorcycle,Travel & Places,
🛵,Motor Scooter,Travel & Places,
🦽,Manual Wheelchair,Travel & Places,
🦼,Motorized Wheelchair,Travel & Places,
🛺,Auto Rickshaw,Travel & Places,
🚲,Bicycle,Travel & Places,
🛴,Kick Scooter,Travel & Places,
🛹,Skateboard,Travel & Places,
🛢️,Oil Drum,Travel & Places,
⛽,Fuel Pump,Travel & Places,
🚨,Police Car Light,Travel & Places,
🚥,Horizontal Traffic Light,Travel & Places,
🚦,Vertical Traffic Light,Travel & Places,
🛑,Stop Sign,Travel & Places,
🚧,Construction,Travel & Places,
⚓,Anchor,Travel & Places,
⛵,Sailboat,Travel & Places,
🛶,Canoe,Travel & Places,
🚤,Speedboat,Travel & Places,
🛳️,Passenger Ship,Travel & Places,
⛴️,Ferry,Travel & Places,
🛥️,Motor Boat,Travel & Places,
🚢,Ship,Travel & Places,
✈️,Airplane,Travel & Places,
🛩️,Small Airplane,Travel & Places,
🛫,Airplane Departure,Travel & Places,
🛬,Airplane Arrival,Travel & Places,
🪂,Parachute,Travel & Places,
💺,Seat,Travel & Places,
🚁,Helicopter,Travel & Places,
🚟,Suspension Railway,Travel & Places,
🚠,Mountain Cableway,Travel & Places,
🚡,Aerial Tramway,Travel & Places,
🛰️,Satellite,Travel & Places,
🛎️,Bellhop Bell,Travel & Places,
⌛,Hourglass Done,Travel & Places,
⏳,Hourglass Not Done,Travel & Places,
⌚,Watch,Travel & Places,
⏰,Alarm Clock,Travel & Places,
⏱️,Stopwatch,Travel & Places,
⏲️,Timer Clock,Travel & Places,
🕰️,Mantelpiece Clock,Travel & Places,
🌑,New Moon,Travel & Places,
🌒,Waxing Crescent Moon,Travel & Places,
🌓,First Quarter Moon,Travel & Places,
🌔,Waxing Gibbous Moon,Travel & Places,
🌕,Full Moon,Travel & Places,
🌖,Waning Gibbous Moon,Travel & Places,
🌗,Last Quarter Moon,Travel & Places,
🌘,Waning Crescent Moon,Travel & Places,
🌙,Crescent Moon,Travel & Places,
🌚,New Moon Face,Travel & Places,
🌛,First Quarter Moon Face,Travel & Places,
🌜,Last Quarter Moon Face,Travel & Places,
🌡️,Thermometer,Travel & Places,
☀️,Sun,Travel & Places,
🌝,Full Moon Face,Travel & Places,
🌞,Sun with Face,Travel & Places,
⭐,Star,Travel & Places,
🌟,Glowing Star,Travel & Places,
🌠,Shooting Star,Travel & Places,
☁️,Cloud,Travel & Places,
⛅,Sun Behind Cloud,Travel & Places,
⛈️,Cloud with Lightning and Rain,Travel & Places,
🌤️,Sun Behind Small Cloud,Travel & Places,
🌥️,Sun Behind Large Cloud,Travel & Places,
🌦️,Sun Behind Rain Cloud,Travel & Places,
🌧️,Cloud with Rain,Travel & Places,
🌨️,Cloud with Snow,Travel & Places,
🌩️,Cloud with Lightning,Travel & Places,
🌪️,Tornado,Travel & Places,
🌫️,Fog,Travel & Places,
🌬️,Wind Face,Travel & Places,
🌀,Cyclone,Travel & Places,
🌈,Rainbow,Travel & Places,
🌂,Closed Umbrella,Travel & Places,
☂️,Umbrella,Travel & Places,
☔,Umbrella with Rain Drops,Travel & Places,
⛱️,Umbrella on Ground,Travel & Places,
⚡,High Voltage,Travel & Places,
❄️,Snowflake,Travel & Places,
☃️,Snowman,Travel & Places,
⛄,Snowman Without Snow,Travel & Places,
☄️,Comet,Travel & Places,
🔥,Fire,Travel & Places,
💧,Droplet,Travel & Places,
🌊,Water Wave,Travel & Places,
🎃,Jack-O-Lantern,Activities,
🎄,Christmas Tree,Activities,
🎆,Fireworks,Activities,
🎇,Sparkler,Activities,
🧨,Firecracker,Activities,
✨,Sparkles,Activities,
🎈,Balloon,Activities,
🎉,Party Popper,Activities,
🎊,Confetti Ball,Activities,
🎋,Tanabata Tree,Activities,
🎍,Pine Decoration,Activities,
🎎,Japanese Dolls,Activities,
🎏,Carp Streamer,Activities,
🎐,Wind Chime,Activities,
🎑,Moon Viewing Ceremony,Activities,
🧧,Red Envelope,Activities,
🎀,Ribbon,Activities,
🎁,Wrapped Gift,Activities,
🎗️,Reminder Ribbon,Activities,
🎟️,Admission Tickets,Activities,
🎫,Ticket,Activities,
🎖️,Military Medal,Activities,
🏅,Sports Medal,Activities,
🥇,1st Place Medal,Activities,
🥈,2nd Place Medal,Activities,
🥉,3rd Place Medal,Activities,
⚽,Soccer Ball,Activities,
⚾,Baseball,Activities,
🥎,Softball,Activities,
🏀,Basketball,Activities,
🏐,Volleyball,Activities,
🏈,American Football,Activities,
🏉,Rugby Football,Activities,
🎾,Tennis,Activities,
🥏,Flying Disc,Activities,
🎳,Bowling,Activities,
🏏,Cricket Game,Activities,
🏑,Field Hockey,Activities,
🏒,Ice Hockey,Activities,
🥍,Lacrosse,Activities,
🏓,Ping Pong,Activities,
🏸,Badminton,Activities,
🥊,Boxing Glove,Activities,
🥋,Martial Arts Uniform,Activities,
🥅,Goal Net,Activities,
⛳,Flag in Hole,Activities,
⛸️,Ice Skate,Activities,
🎣,Fishing Pole,Activities,
🤿,Diving Mask,Activities,
🎽,Running Shirt,Activities,
🎿,Skis,Activities,
🥌,Curling Stone,Activities,
🎯,Direct Hit,Activities,
🪀,Yo-Yo,Activities,
🪁,Kite,Activities,
🔫,Water Pistol,Activities,
🎱,Pool 8 Ball,Activities,
🔮,Crystal Ball,Activities,
🎮,Video Game,Activities,
🕹️,Joystick,Activities,
🎰,Slot Machine,Activities,
🎲,Game Die,Activities,
🧩,Puzzle Piece,Activities,
🧸,Teddy Bear,Activities,
🃏,Joker,Activities,
🀄,Mahjong Red Dragon,Activities,
🎴,Flower Playing Cards,Activities,
🎭,Performing Arts,Activities,
🖼️,Framed Picture,Activities,
🎨,Artist Palette,Activities,
🧵,Thread,Activities,
🧶,Yarn,Activities,
👓,Glasses,Objects,
🕶️,Sunglasses,Objects,
🥽,Goggles,Objects,
🥼,Lab Coat,Objects,
🦺,Safety Vest,Objects,
👔,Necktie,Objects,
👕,T-Shirt,Objects,
👖,Jeans,Objects,
🧣,Scarf,Objects,
🧤,Gloves,Objects,
🧥,Coat,Objects,
🧦,Socks,Objects,
👗,Dress,Objects,
👘,Kimono,Objects,
🥻,Sari,Objects,
🩱,One-Piece Swimsuit,Objects,
🩲,Briefs,Objects,
🩳,Shorts,Objects,
👙,Bikini,Objects,
👚,Womans Clothes,Objects,
👛,Purse,Objects,
👜,Handbag,Objects,
👝,Clutch Bag,Objects,
🛍️,Shopping Bags,Objects,
🎒,Backpack,Objects,
👞,Mans Shoe,Objects,
👟,Running Shoe,Objects,
🥾,Hiking Boot,Objects,
🥿,Flat Shoe,Objects,
👠,High-Heeled Shoe,Objects,
👡,Womans Sandal,Objects,
🩰,Ballet Shoes,Objects,
👢,Womans Boot,Objects,
👑,Crown,Objects,
👒,Womans Hat,Objects,
🎩,Top Hat,Objects,
🎓,Graduation Cap,Objects,
🧢,Billed Cap,Objects,
⛑️,Rescue Workers Helmet,Objects,
📿,Prayer Beads,Objects,
💄,Lipstick,Objects,
💍,Ring,Objects,
💎,Gem Stone,Objects,
🔇,Muted Speaker,Objects,
🔈,Speaker Low Volume,Objects,
🔉,Speaker Medium Volume,Objects,
🔊,Speaker High Volume,Objects,
📢,Loudspeaker,Objects,
📣,Megaphone,Objects,
📯,Postal Horn,Objects,
🔔,Bell,Objects,
🔕,Bell with Slash,Objects,
🎼,Musical Score,Objects,
🎵,Musical Note,Objects,
🎶,Musical Notes,Objects,
🎙️,Studio Microphone,Objects,
🎚️,Level Slider,Objects,
🎛️,Control Knobs,Objects,
🎤,Microphone,Objects,
🎧,Headphone,Objects,
📻,Radio,Objects,
🎷,Saxophone,Objects,
🎸,Guitar,Objects,
🎹,Musical Keyboard,Objects,
🎺,Trumpet,Objects,
🎻,Violin,Objects,
🥁,Drum,Objects,
📱,Mobile Phone,Objects,
📲,Mobile Phone with Arrow,Objects,
☎️,Telephone,Objects,
📞,Telephone Receiver,Objects,
📟,Pager,Objects,
📠,Fax Machine,Objects,
🔋,Battery,Objects,
🔌,Electric Plug,Objects,
💻,Laptop,Objects,
🖥️,Desktop Computer,Objects,
🖨️,Printer,Objects,
⌨️,Keyboard,Objects,
🖱️,Computer Mouse,Objects,
🖲️,Trackball,Objects,
💽,Computer Disk,Objects,
💾,Floppy Disk,Objects,
💿,Optical Disk,Objects,
📀,DVD,Objects,
🎥,Movie Camera,Objects,
🎞️,Film Frames,Objects,
📽️,Film Projector,Objects,
🎬,Clapper Board,Objects,
📺,Television,Objects,
📷,Camera,Objects,
📸,Camera with Flash,Objects,
📹,Video Camera,Objects,
📼,Videocassette,Objects,
🔍,Magnifying Glass Tilted Left,Objects,
🔎,Magnifying Glass Tilted Right,Objects,
🕯️,Candle,Objects,
💡,Light Bulb,Objects,
🔦,Flashlight,Objects,
📔,Notebook with Decorative Cover,Objects,
📕,Closed Book,Objects,
📖,Open Book,Objects,
📗,Green Book,Objects,
📘,Blue Book,Objects,
📙,Orange Book,Objects,
📚,Books,Objects,
📓,Notebook,Objects,
📒,Ledger,Objects,
📃,Page with Curl,Objects,
📜,Scroll,Objects,
📄,Page Facing Up,Objects,
📰,Newspaper,Objects,
🗞️,Rolled-Up Newspaper,Objects,
📑,Bookmark Tabs,Objects,
🔖,Bookmark,Objects,
🏷️,Label,Objects,
💰,Money Bag,Objects,
💴,Yen Banknote,Objects,
💵,Dollar Banknote,Objects,
💶,Euro Banknote,Objects,
💷,Pound Banknote,Objects,
💸,Money with Wings,Objects,
💳,Credit Card,Objects,
🧾,Receipt,Objects,
💹,Chart Increasing with Yen,Objects,
✉️,Envelope,Objects,
📧,E-Mail,Objects,
📨,Incoming Envelope,Objects,
📩,Envelope with Arrow,Objects,
📤,Outbox Tray,Objects,
📥,Inbox Tray,Objects,
📦,Package,Objects,
📫,Closed Mailbox with Raised Flag,Objects,
📪,Closed Mailbox with Lowered Flag,Objects,
📬,Open Mailbox with Raised Flag,Objects,
📭,Open Mailbox with Lowered Flag,Objects,
📮,Postbox,Objects,
🗳️,Ballot Box with Ballot,Objects,
✏️,Pencil,Objects,
✒️,Black Nib,Objects,
🖋️,Fountain Pen,Objects,
🖊️,Pen,Objects,
🖌️,Paintbrush,Objects,
🖍️,Crayon,Objects,
📝,Memo,Objects,
📁,File Folder,Objects,
📂,Open File Folder,Objects,
🗂️,Card Index Dividers,Objects,
📅,Calendar,Objects,
📆,Tear-Off Calendar,Objects,
🗒️,Spiral Notepad,Objects,
🗓️,Spiral Calendar,Objects,
📇,Card Index,Objects,
📈,Chart Increasing,Objects,
📉,Chart Decreasing,Objects,
📊,Bar Chart,Objects,
📋,Clipboard,Objects,
📌,Pushpin,Objects,
📍,Round Pushpin,Objects,
📎,Paperclip,Objects,
🖇️,Linked Paperclips,Objects,
📏,Straight Ruler,Objects,
📐,Triangular Ruler,Objects,
✂️,Scissors,Objects,
🗃️,Card File Box,Objects,
🗄️,File Cabinet,Objects,
🔒,Locked,Objects,
🔓,Unlocked,Objects,
🔏,Locked with Pen,Objects,
🔐,Locked with Key,Objects,
🔑,Key,Objects,
🗝️,Old Key,Objects,
🔨,Hammer,Objects,
⛏️,Pick,Objects,
⚒️,Hammer and Pick,Objects,
🛠️,Hammer and Wrench,Objects,
🗡️,Dagger,Objects,
⚔️,Crossed Swords,Objects,
💣,Bomb,Objects,
🪃,Boomerang,Objects,
🏹,Bow and Arrow,Objects,
🛡️,Shield,Objects,
🔧,Wrench,Objects,
🔩,Nut and Bolt,Objects,
⚙️,Gear,Objects,
🗜️,Clamp,Objects,
⚖️,Balance Scale,Objects,
🦯,White Cane,Objects,
🔗,Link,Objects,
⛓️,Chains,Objects,
🧰,Toolbox,Objects,
🧲,Magnet,Objects,
⚗️,Alembic,Objects,
🧬,DNA,Objects,
🔬,Microscope,Objects,
🔭,Telescope,Objects,
📡,Satellite Antenna,Objects,
💉,Syringe,Objects,
🩸,Drop of Blood,Objects,
💊,Pill,Objects,
🩹,Adhesive Bandage,Objects,
🩺,Stethoscope,Objects,
🚪,Door,Objects,
🪟,Window,Objects,
🛏️,Bed,Objects,
🛋️,Couch and Lamp,Objects,
🪑,Chair,Objects,
🚽,Toilet,Objects,
🚿,Shower,Objects,
🛁,Bathtub,Objects,
🪒,Razor,Objects,
🧴,Lotion Bottle,Objects,
🧷,Safety Pin,Objects,
🧹,Broom,Objects,
🧺,Basket,Objects,
🧻,Roll of Paper,Objects,
🧼,Soap,Objects,
🧽,Sponge,Objects,
🧯,Fire Extinguisher,Objects,
🛒,Shopping Cart,Objects,
🚬,Cigarette,Objects,
⚰️,Coffin,Objects,
⚱️,Funeral Urn,Objects,
🧿,Nazar Amulet,Objects,
🗿,Moai,Objects,
🪧,Placard,Objects,
🏧,ATM Sign,Symbols,
🚮,Litter in Bin Sign,Symbols,
🚰,Potable Water,Symbols,
♿,Wheelchair Symbol,Symbols,
🚹,Mens Room,Symbols,
🚺,Womens Room,Symbols,
🚻,Restroom,Symbols,
🚼,Baby Symbol,Symbols,
🚾,Water Closet,Symbols,
🛂,Passport Control,Symbols,
🛃,Customs,Symbols,
🛄,Baggage Claim,Symbols,
🛅,Left Luggage,Symbols,
⚠️,Warning,Symbols,
🚸,Children Crossing,Symbols,
⛔,No Entry,Symbols,
🚫,Prohibited,Symbols,
🚳,No Bicycles,Symbols,
🚭,No Smoking,Symbols,
🚯,No Littering,Symbols,
🚱,Non-Potable Water,Symbols,
🚷,No Pedestrians,Symbols,
📵,No Mobile Phones,Symbols,
🔞,No One Under Eighteen,Symbols,
☢️,Radioactive,Symbols,
☣️,Biohazard,Symbols,
⬆️,Up Arrow,Symbols,
↗️,Up-Right Arrow,Symbols,
➡️,Right Arrow,Symbols,
↘️,Down-Right Arrow,Symbols,
⬇️,Down Arrow,Symbols,
↙️,Down-Left Arrow,Symbols,
⬅️,Left Arrow,Symbols,
↖️,Up-Left Arrow,Symbols,
↕️,Up-Down Arrow,Symbols,
↔️,Left-Right Arrow,Symbols,
↩️,Right Arrow Curving Left,Symbols,
↪️,Left Arrow Curving Right,Symbols,
⤴️,Right Arrow Curving Up,Symbols,
⤵️,Right Arrow Curving Down,Symbols,
🔃,Clockwise Vertical Arrows,Symbols,
🔄,Counterclockwise Arrows Button,Symbols,
🔙,BACK Arrow,Symbols,
🔚,END Arrow,Symbols,
🔛,ON! Arrow,Symbols,
🔜,SOON Arrow,Symbols,
🔝,TOP Arrow,Symbols,
🛐,Place of Worship,Symbols,
⚛️,Atom Symbol,Symbols,
🕉️,Om,Symbols,
✡️,Star of David,Symbols,
☸️,Wheel of Dharma,Symbols,
☯️,Yin Yang,Symbols,
✝️,Latin Cross,Symbols,
☦️,Orthodox Cross,Symbols,
☪️,Star and Crescent,Symbols,
☮️,Peace Symbol,Symbols,
🕎,Menorah,Symbols,
🔯,Dotted Six-Pointed Star,Symbols,
🔀,Shuffle Tracks Button,Symbols,
🔁,Repeat Button,Symbols,
🔂,Repeat Single Button,Symbols,
▶️,Play Button,Symbols,
⏩,Fast-Forward Button,Symbols,
⏭️,Next Track Button,Symbols,
⏯️,Play or Pause Button,Symbols,
◀️,Reverse Button,Symbols,
⏪,Fast Reverse Button,Symbols,
⏮️,Last Track Button,Symbols,
🔼,Upwards Button,Symbols,
⏫,Fast Up Button,Symbols,
🔽,Downwards Button,Symbols,
⏬,Fast Down Button,Symbols,
⏸️,Pause Button,Symbols,
⏹️,Stop Button,Symbols,
⏺️,Record Button,Symbols,
⏏️,Eject Button,Symbols,
🎦,Cinema,Symbols,
🔅,Dim Button,Symbols,
🔆,Bright Button,Symbols,
📶,Antenna Bars,Symbols,
📳,Vibration Mode,Symbols,
📴,Mobile Phone Off,Symbols,
✖️,Multiplication Sign,Symbols,
➕,Plus Sign,Symbols,
➖,Minus Sign,Symbols,
➗,Division Sign,Symbols,
‼️,Double Exclamation Mark,Symbols,
⁉️,Exclamation Question Mark,Symbols,
❓,Question Mark,Symbols,
❔,White Question Mark,Symbols,
❕,White Exclamation Mark,Symbols,
❗,Exclamation Mark,Symbols,
〰️,Wavy Dash,Symbols,
💱,Currency Exchange,Symbols,
💲,Heavy Dollar Sign,Symbols,
♻️,Recycling Symbol,Symbols,
⚜️,Fleur-de-lis,Symbols,
🔱,Trident Emblem,Symbols,
📛,Name Badge,Symbols,
🔰,Japanese Symbol for Beginner,Symbols,
⭕,Hollow Red Circle,Symbols,
✅,Check Mark Button,Symbols,
☑️,Check Box with Check,Symbols,
✔️,Check Mark,Symbols,
❌,Cross Mark,Symbols,
❎,Cross Mark Button,Symbols,
➰,Curly Loop,Symbols,
➿,Double Curly Loop,Symbols,
〽️,Part Alternation Mark,Symbols,
✳️,Eight-Spoked Asterisk,Symbols,
✴️,Eight-Pointed Star,Symbols,
❇️,Sparkle,Symbols,
©️,Copyright,Symbols,
®️,Registered,Symbols,
™️,Trade Mark,Symbols,
#️⃣,Keycap Number Sign,Symbols,
*️⃣,Keycap Asterisk,Symbols,
0️⃣,Keycap Digit Zero,Symbols,
1️⃣,Keycap Digit One,Symbols,
2️⃣,Keycap Digit Two,Symbols,
3️⃣,Keycap Digit Three,Symbols,
4️⃣,Keycap Digit Four,Symbols,
5️⃣,Keycap Digit Five,Symbols,
6️⃣,Keycap Digit Six,Symbols,
7️⃣,Keycap Digit Seven,Symbols,
8️⃣,Keycap Digit Eight,Symbols,
9️⃣,Keycap Digit Nine,Symbols,
🔟,Keycap 10,Symbols,
🔠,Input Latin Uppercase,Symbols,
🔡,Input Latin Lowercase,Symbols,
🔢,Input Numbers,Symbols,
🔣,Input Symbols,Symbols,
🔤,Input Latin Letters,Symbols,
🅰️,A Button (Blood Type),Symbols,
🆎,AB Button (Blood Type),Symbols,
🅱️,B Button (Blood Type),Symbols,
🆑,CL Button,Symbols,
🆒,COOL Button,Symbols,
🆓,FREE Button,Symbols,
ℹ️,Information,Symbols,
🆔,ID Button,Symbols,
Ⓜ️,Circled M,Symbols,
🆕,NEW Button,Symbols,
🆖,NG Button,Symbols,
🅾️,O Button (Blood Type),Symbols,
🆗,OK Button,Symbols,
🅿️,P Button,Symbols,
🆘,SOS Button,Symbols,
🆙,UP! Button,Symbols,
🆚,VS Button,Symbols,
🈁,Japanese Here Button,Symbols,
🈂️,Japanese Service Charge Button,Symbols,
🈷️,Japanese Monthly Amount Button,Symbols,
🈶,Japanese Not Free of Charge Button,Symbols,
🈯,Japanese Reserved Button,Symbols,
🉐,Japanese Bargain Button,Symbols,
🈹,Japanese Discount Button,Symbols,
🈚,Japanese Free of Charge Button,Symbols,
🈲,Japanese Prohibited Button,Symbols,
🉑,Japanese Acceptable Button,Symbols,
🈸,Japanese Application Button,Symbols,
🈴,Japanese Passing Grade Button,Symbols,
🈳,Japanese Vacancy Button,Symbols,
㊗️,Japanese Congratulations Button,Symbols,
㊙️,Japanese Secret Button,Symbols,
🈺,Japanese Open for Business Button,Symbols,
🈵,Japanese No Vacancy Button,Symbols,
🔴,Red Circle,Symbols,
🔵,Blue Circle,Symbols,
⚫,Black Circle,Symbols,
⚪,White Circle,Symbols,
🟥,Red Square,Symbols,
🟧,Orange Square,Symbols,
🟨,Yellow Square,Symbols,
🟩,Green Square,Symbols,
🟦,Blue Square,Symbols,
🟪,Purple Square,Symbols,
🟫,Brown Square,Symbols,
⬛,Black Large Square,Symbols,
⬜,White Large Square,Symbols,
◼️,Black Medium Square,Symbols,
◻️,White Medium Square,Symbols,
◾,Black Medium-Small Square,Symbols,
◽,White Medium-Small Square,Symbols,
▪️,Black Small Square,Symbols,
▫️,White Small Square,Symbols,
🔶,Large Orange Diamond,Symbols,
🔷,Large Blue Diamond,Symbols,
🔸,Small Orange Diamond,Symbols,
🔹,Small Blue Diamond,Symbols,
🔺,Red Triangle Pointed Up,Symbols,
🔻,Red Triangle Pointed Down,Symbols,
💠,Diamond with a Dot,Symbols,
🔘,Radio Button,Symbols,
🔳,White Square Button,Symbols,
🔲,Black Square Button,Symbols,
🏁,chequered flag,Flags,
🚩,triangular flag,Flags,
🎌,crossed flags,Flags,
🏴,black flag,Flags,
🏳️,white flag,Flags,
🏳️‍🌈,rainbow flag,Flags,
🏳️‍⚧️,transgender flag,Flags,
🏴‍☠️,pirate flag,Flags,
🇦🇨,flag Ascension Island,Flags,
🇦🇩,flag Andorra,Flags,
🇦🇪,flag United Arab Emirates,Flags,
🇦🇫,flag Afghanistan,Flags,
🇦🇬,flag Antigua & Barbuda,Flags,
🇦🇮,flag Anguilla,Flags,
🇦🇱,flag Albania,Flags,
🇦🇲,flag Armenia,Flags,
🇦🇴,flag Angola,Flags,
🇦🇶,flag Antarctica,Flags,
🇦🇷,flag Argentina,Flags,
🇦🇸,flag American Samoa,Flags,
🇦🇹,flag Austria,Flags,
🇦🇺,flag Australia,Flags,
🇦🇼,flag Aruba,Flags,
🇦🇽,flag Åland Islands,Flags,
🇦🇿,flag Azerbaijan,Flags,
🇧🇦,flag Bosnia & Herzegovina,Flags,
🇧🇧,flag Barbados,Flags,
🇧🇩,flag Bangladesh,Flags,
🇧🇪,flag Belgium,Flags,
🇧🇫,flag Burkina Faso,Flags,
🇧🇬,flag Bulgaria,Flags,
🇧🇭,flag Bahrain,Flags,
🇧🇮,flag Burundi,Flags,
🇧🇯,flag Benin,Flags,
🇧🇱,flag St. Barthélemy,Flags,
🇧🇲,flag Bermuda,Flags,
🇧🇳,flag Brunei,Flags,
🇧🇴,flag Bolivia,Flags,
🇧🇶,flag Caribbean Netherlands,Flags,
🇧🇷,flag Brazil,Flags,
🇧🇸,flag Bahamas,Flags,
🇧🇹,flag Bhutan,Flags,
🇧🇻,flag Bouvet Island,Flags,
🇧🇼,flag Botswana,Flags,
🇧🇾,flag Belarus,Flags,
🇧🇿,flag Belize,Flags,
🇨🇦,flag Canada,Flags,
🇨🇨,flag Cocos (Keeling) Islands,Flags,
🇨🇩,flag Congo - Kinshasa,Flags,
🇨🇫,flag Central African Republic,Flags,
🇨🇬,flag Congo - Brazzaville,Flags,
🇨🇭,flag Switzerland,Flags,
🇨🇮,flag Côte d’Ivoire,Flags,
🇨🇰,flag Cook Islands,Flags,
🇨🇱,flag Chile,Flags,
🇨🇲,flag Cameroon,Flags,
🇨🇳,flag China,Flags,
🇨🇴,flag Colombia,Flags,
🇨🇵,flag Clipperton Island,Flags,
🇨🇶,flag Sark,Flags,
🇨🇷,flag Costa Rica,Flags,
🇨🇺,flag Cuba,Flags,
🇨🇻,flag Cape Verde,Flags,
🇨🇼,flag Curaçao,Flags,
🇨🇽,flag Christmas Island,Flags,
🇨🇾,flag Cyprus,Flags,
🇨🇿,flag Czechia,Flags,
🇩🇪,flag Germany,Flags,
🇩🇬,flag Diego Garcia,Flags,
🇩🇯,flag Djibouti,Flags,
🇩🇰,flag Denmark,Flags,
🇩🇲,flag Dominica,Flags,
🇩🇴,flag Dominican Republic,Flags,
🇩🇿,flag Algeria,Flags,
🇪🇦,flag Ceuta & Melilla,Flags,
🇪🇨,flag Ecuador,Flags,
🇪🇪,flag Estonia,Flags,
🇪🇬,flag Egypt,Flags,
🇪🇭,flag Western Sahara,Flags,
🇪🇷,flag Eritrea,Flags,
🇪🇸,flag Spain,Flags,
🇪🇹,flag Ethiopia,Flags,
🇪🇺,flag European Union,Flags,
🇫🇮,flag Finland,Flags,
🇫🇯,flag Fiji,Flags,
🇫🇰,flag Falkland Islands,Flags,
🇫🇲,flag Micronesia,Flags,
🇫🇴,flag Faroe Islands,Flags,
🇫🇷,flag France,Flags,
🇬🇦,flag Gabon,Flags,
🇬🇧,flag United Kingdom,Flags,
🇬🇩,flag Grenada,Flags,
🇬🇪,flag Georgia,Flags,
🇬🇫,flag French Guiana,Flags,
🇬🇬,flag Guernsey,Flags,
🇬🇭,flag Ghana,Flags,
🇬🇮,flag Gibraltar,Flags,
🇬🇱,flag Greenland,Flags,
🇬🇲,flag Gambia,Flags,
🇬🇳,flag Guinea,Flags,
🇬🇵,flag Guadeloupe,Flags,
🇬🇶,flag Equatorial Guinea,Flags,
🇬🇷,flag Greece,Flags,
🇬🇸,flag South Georgia & South Sandwich Islands,Flags,
🇬🇹,flag Guatemala,Flags,
🇬🇺,flag Guam,Flags,
🇬🇼,flag Guinea-Bissau,Flags,
🇬🇾,flag Guyana,Flags,
🇭🇰,flag Hong Kong SAR China,Flags,
🇭🇲,flag Heard & McDonald Islands,Flags,
🇭🇳,flag Honduras,Flags,
🇭🇷,flag Croatia,Flags,
🇭🇹,flag Haiti,Flags,
🇭🇺,flag Hungary,Flags,
🇮🇨,flag Canary Islands,Flags,
🇮🇩,flag Indonesia,Flags,
🇮🇪,flag Ireland,Flags,
🇮🇱,flag Israel,Flags,
🇮🇲,flag Isle of Man,Flags,
🇮🇳,flag India,Flags,
🇮🇴,flag British Indian Ocean Territory,Flags,
🇮🇶,flag Iraq,Flags,
🇮🇷,flag Iran,Flags,
🇮🇸,flag Iceland,Flags,
🇮🇹,flag Italy,Flags,
🇯🇪,flag Jersey,Flags,
🇯🇲,flag Jamaica,Flags,
🇯🇴,flag Jordan,Flags,
🇯🇵,flag Japan,Flags,
🇰🇪,flag Kenya,Flags,
🇰🇬,flag Kyrgyzstan,Flags,
🇰🇭,flag Cambodia,Flags,
🇰🇮,flag Kiribati,Flags,
🇰🇲,flag Comoros,Flags,
🇰🇳,flag St. Kitts & Nevis,Flags,
🇰🇵,flag North Korea,Flags,
🇰🇷,flag South Korea,Flags,
🇰🇼,flag Kuwait,Flags,
🇰🇾,flag Cayman Islands,Flags,
🇰🇿,flag Kazakhstan,Flags,
🇱🇦,flag Laos,Flags,
🇱🇧,flag Lebanon,Flags,
🇱🇨,flag St. Lucia,Flags,
🇱🇮,flag Liechtenstein,Flags,
🇱🇰,flag Sri Lanka,Flags,
🇱🇷,flag Liberia,Flags,
🇱🇸,flag Lesotho,Flags,
🇱🇹,flag Lithuania,Flags,
🇱🇺,flag Luxembourg,Flags,
🇱🇻,flag Latvia,Flags,
🇱🇾,flag Libya,Flags,
🇲🇦,flag Morocco,Flags,
🇲🇨,flag Monaco,Flags,
🇲🇩,flag Moldova,Flags,
🇲🇪,flag Montenegro,Flags,
🇲🇫,flag St. Martin,Flags,
🇲🇬,flag Madagascar,Flags,
🇲🇭,flag Marshall Islands,Flags,
🇲🇰,flag North Macedonia,Flags,
🇲🇱,flag Mali,Flags,
🇲🇲,flag Myanmar (Burma),Flags,
🇲🇳,flag Mongolia,Flags,
🇲🇴,flag Macao SAR China,Flags,
🇲🇵,flag Northern Mariana Islands,Flags,
🇲🇶,flag Martinique,Flags,
🇲🇷,flag Mauritania,Flags,
🇲🇸,flag Montserrat,Flags,
🇲🇹,flag Malta,Flags,
🇲🇺,flag Mauritius,Flags,
🇲🇻,flag Maldives,Flags,
🇲🇼,flag Malawi,Flags,
🇲🇽,flag Mexico,Flags,
🇲🇾,flag Malaysia,Flags,
🇲🇿,flag Mozambique,Flags,
🇳🇦,flag Namibia,Flags,
🇳🇨,flag New Caledonia,Flags,
🇳🇪,flag Niger,Flags,
🇳🇫,flag Norfolk Island,Flags,
🇳🇬,flag Nigeria,Flags,
🇳🇮,flag Nicaragua,Flags,
🇳🇱,flag Netherlands,Flags,
🇳🇴,flag Norway,Flags,
🇳🇵,flag Nepal,Flags,
🇳🇷,flag Nauru,Flags,
🇳🇺,flag Niue,Flags,
🇳🇿,flag New Zealand,Flags,
🇴🇲,flag Oman,Flags,
🇵🇦,flag Panama,Flags,
🇵🇪,flag Peru,Flags,
🇵🇫,flag French Polynesia,Flags,
🇵🇬,flag Papua New Guinea,Flags,
🇵🇭,flag Philippines,Flags,
🇵🇰,flag Pakistan,Flags,
🇵🇱,flag Poland,Flags,
🇵🇲,flag St. Pierre & Miquelon,Flags,
🇵🇳,flag Pitcairn Islands,Flags,
🇵🇷,flag Puerto Rico,Flags,
🇵🇸,flag Palestinian Territories,Flags,
🇵🇹,flag Portugal,Flags,
🇵🇼,flag Palau,Flags,
🇵🇾,flag Paraguay,Flags,
🇶🇦,flag Qatar,Flags,
🇷🇪,flag Réunion,Flags,
🇷🇴,flag Romania,Flags,
🇷🇸,flag Serbia,Flags,
🇷🇺,flag Russia,Flags,
🇷🇼,flag Rwanda,Flags,
🇸🇦,flag Saudi Arabia,Flags,
🇸🇧,flag Solomon Islands,Flags,
🇸🇨,flag Seychelles,Flags,
🇸🇩,flag Sudan,Flags,
🇸🇪,flag Sweden,Flags,
🇸🇬,flag Singapore,Flags,
🇸🇭,flag St. Helena,Flags,
🇸🇮,flag Slovenia,Flags,
🇸🇯,flag Svalbard & Jan Mayen,Flags,
🇸🇰,flag Slovakia,Flags,
🇸🇱,flag Sierra Leone,Flags,
🇸🇲,flag San Marino,Flags,
🇸🇳,flag Senegal,Flags,
🇸🇴,flag Somalia,Flags,
🇸🇷,flag Suriname,Flags,
🇸🇸,flag South Sudan,Flags,
🇸🇹,flag São Tomé & Príncipe,Flags,
🇸🇻,flag El Salvador,Flags,
🇸🇽,flag Sint Maarten,Flags,
🇸🇾,flag Syria,Flags,
🇸🇿,flag Eswatini,Flags,
🇹🇦,flag Tristan da Cunha,Flags,
🇹🇨,flag Turks & Caicos Islands,Flags,
🇹🇩,flag Chad,Flags,
🇹🇫,flag French Southern Territories,Flags,
🇹🇬,flag Togo,Flags,
🇹🇭,flag Thailand,Flags,
🇹🇯,flag Tajikistan,Flags,
🇹🇰,flag Tokelau,Flags,
🇹🇱,flag Timor-Leste,Flags,
🇹🇲,flag Turkmenistan,Flags,
🇹🇳,flag Tunisia,Flags,
🇹🇴,flag Tonga,Flags,
🇹🇷,flag Türkiye,Flags,
🇹🇹,flag Trinidad & Tobago,Flags,
🇹🇻,flag Tuvalu,Flags,
🇹🇼,flag Taiwan,Flags,
🇹🇿,flag Tanzania,Flags,
🇺🇦,flag Ukraine,Flags,
🇺🇬,flag Uganda,Flags,
🇺🇲,flag U.S. Outlying Islands,Flags,
🇺🇳,flag United Nations,Flags,
🇺🇸,flag United States,Flags,
🇺🇾,flag Uruguay,Flags,
🇺🇿,flag Uzbekistan,Flags,
🇻🇦,flag Vatican City,Flags,
🇻🇨,flag St. Vincent & Grenadines,Flags,
🇻🇪,flag Venezuela,Flags,
🇻🇬,flag British Virgin Islands,Flags,
🇻🇮,flag U.S. Virgin Islands,Flags,
🇻🇳,flag Vietnam,Flags,
🇻🇺,flag Vanuatu,Flags,
🇼🇫,flag Wallis & Futuna,Flags,
🇼🇸,flag Samoa,Flags,
🇽🇰,flag Kosovo,Flags,
🇾🇪,flag Yemen,Flags,
🇾🇹,flag Mayotte,Flags,
🇿🇦,flag South Africa,Flags,
🇿🇲,flag Zambia,Flags,
🇿🇼,flag Zimbabwe,Flags,
🏴󠁧󠁢󠁥󠁮󠁧󠁿,flag England,Flags,
🏴󠁧󠁢󠁳󠁣󠁴󠁿,flag Scotland,Flags,
🏴󠁧󠁢󠁷󠁬󠁳󠁿,flag Wales,Flags,
