Animals & Nature,animal-mammal,🐶,Dog Face
Food & Drink,food-prepared,🍕,Pizza
Smileys & Emotions,face,😂,Tears of Joy
Animals & Nature,sky-weather,🌈,Rainbow
Objects,musical-instrument,🎸,Guitar
Activities,sport,⚽,Soccer Ball
Animals & Nature,animal-mammal,🦁,Lion
Food & Drink,food-sweet,🍦,Soft Ice Cream
Travel & Places,transportation,🚀,Rocket
Food & Drink,food-sweet,🎂,Birthday Cake
Animals & Nature,animal-bug,🦋,Butterfly
Symbols,heart,❤️,Red Heart
Animals & Nature,animal-mammal,🐱,Cat Face
Food & Drink,food-produce,🍎,Red Apple
Travel & Places,transportation,✈️,Airplane
Activities,game,🎮,Video Game
Animals & Nature,plant-flower,🌺,Hibiscus
Activities,award-medal,🏆,Trophy
Animals & Nature,animal-amphibian,🐸,Frog
Objects,music,🎵,Musical Note
Animals & Nature,sky-weather,🌙,Crescent Moon
Food & Drink,food-produce,🍓,Strawberry
Activities,arts-crafts,🎨,Artist Palette
Travel & Places,place-geographic,🏖️,Beach with Umbrella
Objects,lock,🔏,Locked with Pen
Animals & Nature,plant-flower,🪻,Hyacinth
Objects,time,⌚,Watch
Objects,musical-instrument,🎺,Trumpet
Activities,game,🎰,Slot Machine
Travel & Places,transportation,🚉,Station
Animals & Nature,animal-bug,🦟,Mosquito
Food & Drink,food-prepared,🥡,Takeout Box
Food & Drink,drink,🍶,Sake
Objects,musical-instrument,🥁,Drum
Food & Drink,food-prepared,🍥,Fish Cake with Swirl
Smileys & Emotions,face,🤠,Cowboy Hat Face
Travel & Places,transportation,🦽,Manual Wheelchair
Activities,game,🎲,Game Die
Animals & Nature,animal-mammal,🐼,Panda
Food & Drink,food-prepared,🍛,Curry Rice
Travel & Places,transportation,🚘,Oncoming Automobile
Smileys & Emotions,face,🤨,Face with Raised Eyebrow
Animals & Nature,animal-bird,🦜,Parrot
Travel & Places,transportation,🚎,Trolleybus
Food & Drink,food-prepared,🥮,Moon Cake
Animals & Nature,animal-bird,🐦,Bird
Animals & Nature,animal-marine,🐳,Spouting Whale
Smileys & Emotions,face-costume,👽,Alien
Smileys & Emotions,face,😲,Astonished Face
Symbols,punctuation,❗,Red Exclamation Mark
Objects,stationery,📮,Postbox
Food & Drink,food-produce,🍆,Eggplant
Travel & Places,transportation,🚠,Mountain Cableway
Animals & Nature,animal-bird,🦆,Duck
People & Body,hands,👍,Thumbs Up
Symbols,arrow-av,⏏️,Eject Button
Travel & Places,place-building,🛕,Hindu Temple
Animals & Nature,animal-bug,🐝,Honeybee
Food & Drink,drink,🫖,Teapot
Symbols,religion-zodiac,♌️,Leo Sign
Food & Drink,food-prepared,🥙,Stuffed Flatbread
Animals & Nature,animal-mammal,🦥,Sloth
Animals & Nature,sky-weather,🌚,New Moon Face
Smileys & Emotions,face,😒,Unamused Face
Objects,technology,📷,Camera
Activities,game,🪆,Nesting Dolls
Objects,clothing,👠,High-Heeled Shoe
Animals & Nature,animal-reptile,🐉,Dragon
Activities,sport,🏑,Field Hockey
People & Body,person,👨,Man
Animals & Nature,plant-flower,💮,White Flower
Objects,musical-instrument,🪇,Maracas
Smileys & Emotions,cat-face,😻,Cat with Heart-Eyes
Travel & Places,place-other,🌄,Sunrise Over Mountains
Animals & Nature,animal-marine,🦑,Squid
Travel & Places,transportation,🚈,Light Rail
Symbols,alphanum,🅱️,Blood Type - B
Smileys & Emotions,face,🤣,Rolling on the Floor Laughing
People & Body,body-parts,👃,Nose
Activities,event,✨,Sparkles
Travel & Places,place-geographic,🏜️,Desert
Objects,sound,📣,Megaphone
Objects,stationery,📥,Inbox Tray
Animals & Nature,animal-mammal,🦄,Unicorn
Symbols,heart,💝,Heart with Ribbon
Objects,time,🕚,Eleven O'Clock
Objects,household,🧷,Safety Pin
People & Body,hands,👆,Backhand Index Pointing Up
Objects,tool,🛡️,Shield
Smileys & Emotions,face,😯,Hushed Face
People & Body,person-resting,🧘,Person in Lotus Position
People & Body,person-activity,🧗,Person Climbing
Food & Drink,food-prepared,🌯,Burrito
Symbols,arrow-av,🎦,Cinema
Food & Drink,food-produce,🥒,Cucumber
Animals & Nature,sky-weather,☃️,Snowman
Travel & Places,transportation,🚥,Horizontal Traffic Light
Objects,music,🎼,Musical Score
Symbols,warning,🚷,No Pedestrians
Objects,clothing,🪮,Hair Pick
Symbols,other-symbol,🔱,Trident Emblem
Symbols,geometric,🟩,Green Square
Flags,flag,🎌,Crossed Flags
Travel & Places,place-building,🏣,Japanese Post Office
People & Body,person,🥷,Ninja
Smileys & Emotions,face,🥰,Smiling Face with Hearts
Objects,technology,🔍,Magnifying Glass Tilted Left
Animals & Nature,animal-mammal,🐆,Leopard
Animals & Nature,plant-other,🌿,Herb
Symbols,alphanum,🈚,Japanese 'Free of Charge' Button
Symbols,religion-zodiac,☯️,Yin Yang
Objects,stationery,📇,Card Index
Activities,arts-crafts,🪢,Knot
Travel & Places,transportation,🚙,Sport Utility Vehicle
Objects,other-object,🪧,Placard
Smileys & Emotions,face,😡,Enraged Face
Symbols,emotion,💦,Sweat Droplets
Food & Drink,food-prepared,🥯,Bagel
People & Body,hands,👈,Index Pointing Left
Activities,sport,🥊,Boxing Glove
Objects,science,🔬,Microscope
Animals & Nature,sky-weather,🌠,Shooting Star
Symbols,arrow-av,↔️,Left-Right Arrow
Food & Drink,food-sweet,🍨,Ice Cream
Objects,clothing,🎩,Top Hat
Activities,game,🪀,Yo-Yo
Smileys & Emotions,face,😶,Face Without Mouth
Food & Drink,food-produce,🍌,Banana
Food & Drink,drink,🧃,Beverage Box
Animals & Nature,animal-bird,🪶,Feather
Animals & Nature,animal-mammal,🦇,Bat
Symbols,transport-sign,🚻,Restroom
People & Body,person,🫃,Pregnant Man
Travel & Places,transportation,🛹,Skateboard
Objects,office,📐,Triangular Ruler
Activities,event,🎉,Party Popper
People & Body,person-fantasy,🎅,Santa Claus
People & Body,person-activity,🤾,Person Playing Handball
Objects,tool,⛓️,Chains
Objects,household,🛁,Bathtub
Smileys & Emotions,face,😋,Savoring Food
Objects,technology,🔦,Flashlight
Objects,stationery,📫,Closed Mailbox with Raised Flag
Symbols,alphanum,🔤,Input Latin Letters
Travel & Places,place-building,🧱,Brick
Objects,writing,🖍️,Crayon
People & Body,body-parts,👂,Ear
Food & Drink,food-prepared,🥗,Green Salad
Travel & Places,place-other,🌅,Sunrise
People & Body,hands,🫳,Palm Down Hand
Animals & Nature,animal-marine,🐚,Spiral Shell
Animals & Nature,sky-weather,🌔,Waxing Gibbous Moon
Objects,clothing,👓,Glasses
Symbols,heart,💜,Purple Heart
Animals & Nature,animal-mammal,🐨,Koala
Animals & Nature,animal-bug,🦠,Microbe
Travel & Places,transportation,🛰️,Satellite
Symbols,arrow-av,⬆️,Up Arrow
Smileys & Emotions,face,🥵,Hot Face
Objects,time,🕗,Eight O'Clock
Symbols,religion-zodiac,✝️,Latin Cross
Objects,money,🧾,Receipt
People & Body,person,🤵,Person in Tuxedo
Food & Drink,food-produce,🥔,Potato
Smileys & Emotions,face,😬,Grimacing Face
Activities,sport,🏓,Ping Pong
Objects,stationery,📁,File Folder
Symbols,geometric,🟪,Purple Square
Travel & Places,transportation,🛴,Kick Scooter
Animals & Nature,animal-mammal,🐮,Cow Face
Food & Drink,food-prepared,🧈,Butter
Symbols,alphanum,🉐,Japanese 'Bargain' Button
Animals & Nature,plant-other,🪺,Nest with Eggs
Objects,clothing,🎒,Backpack
Animals & Nature,sky-weather,🌞,Sun with Face
Objects,technology,📱,Mobile Phone
Smileys & Emotions,face,😢,Crying Face
Symbols,other-symbol,❌,Cross Mark
Travel & Places,place-building,⛪,Church
People & Body,hands,🤚,Raised Back of Hand
Symbols,arrow-av,▶️,Play Button
People & Body,person-activity,🚴,Person Biking
Objects,tool,🪝,Hook
Activities,game,♠️,Spade Suit
Objects,lock,🔑,Key
Objects,household,🧼,Soap
Smileys & Emotions,face,😖,Confounded Face
Travel & Places,transportation,🛣️,Motorway
Activities,event,🎇,Sparkler
People & Body,person,👷,Construction Worker
Animals & Nature,animal-mammal,🐐,Goat
Food & Drink,drink,🧋,Bubble Tea
Animals & Nature,plant-flower,💐,Bouquet
Objects,stationery,📰,Newspaper
Animals & Nature,animal-bird,🦤,Dodo
Objects,musical-instrument,🪈,Flute
Food & Drink,food-produce,🥦,Broccoli
Food & Drink,food-prepared,🍝,Spaghetti
Smileys & Emotions,face,🫪,Distorted Face
Travel & Places,place-map,🌎,Globe Showing Americas
Objects,clothing,👡,Woman's Sandal
People & Body,person-symbol,👪,Family
Animals & Nature,sky-weather,🌒,Waxing Crescent Moon
Food & Drink,dishware,🥢,Chopsticks
Symbols,religion-zodiac,🕉️,Om
People & Body,hands,🖖,Vulcan Salute
Symbols,alphanum,🆒,COOL Button
Smileys & Emotions,face-costume,💩,Pile of Poo
Travel & Places,transportation,🚜,Tractor
Objects,science,⚗️,Alembic
People & Body,body-parts,🦶,Foot
Symbols,warning,🔞,No One Under Eighteen
Symbols,heart,🧡,Orange Heart
Smileys & Emotions,cat-face,😿,Crying Cat
Symbols,arrow-av,🔽,Downwards Button
Symbols,emotion,🗯️,Anger Bubble
Objects,technology,🔎,Magnifying Glass Tilted Right
Smileys & Emotions,face,🫨,Shaking Face
Animals & Nature,animal-mammal,🫎,Moose
Activities,sport,🎾,Tennis
Symbols,transport-sign,🚰,Potable Water
People & Body,person,🙇,Person Bowing
Travel & Places,place-other,⛲,Fountain
Travel & Places,place-geographic,🏝️,Desert Island
Animals & Nature,animal-marine,🪼,Jellyfish
Travel & Places,place-building,🏬,Department Store
Objects,sound,🔔,Bell
Symbols,geometric,🔴,Red Circle
Objects,stationery,📊,Bar Chart
Objects,time,⏰,Alarm Clock
Smileys & Emotions,face,🤯,Exploding Head
Food & Drink,food-sweet,🍮,Custard
Animals & Nature,animal-reptile,🐊,Crocodile
Travel & Places,transportation,🛺,Auto Rickshaw
Activities,award-medal,🏅,Sports Medal
Food & Drink,food-prepared,🫕,Fondue
Objects,clothing,💍,Ring
People & Body,person-activity,🤼,People Wrestling
Animals & Nature,sky-weather,🌑,New Moon
People & Body,person-fantasy,🦹,Supervillain
Smileys & Emotions,face-negative,💀,Skull
Food & Drink,food-produce,🫑,Bell Pepper
Animals & Nature,animal-mammal,🦒,Giraffe
Objects,tool,🗡️,Dagger
People & Body,hands,🤟,Love-You Gesture
Symbols,alphanum,🈺,Japanese 'Open for Business' Button
Objects,household,🧯,Fire Extinguisher
Smileys & Emotions,face,🥸,Disguised Face
Animals & Nature,animal-bug,🕸️,Spider Web
Animals & Nature,plant-other,🌳,Deciduous Tree
Symbols,arrow-av,↗️,Up-Right Arrow
Activities,event,🎆,Fireworks
Travel & Places,transportation,⛴️,Ferry
Activities,game,🪩,Mirror Ball
Objects,office,🗄️,File Cabinet
People & Body,person,👱,Person with Blond Hair
Objects,technology,🖨️,Printer
Smileys & Emotions,face,😦,Frowning Face with Open Mouth
Symbols,religion-zodiac,♎️,Libra Sign
Objects,music,🎙️,Studio Microphone
Food & Drink,food-prepared,🍿,Popcorn
Symbols,other-symbol,✳️,Eight-Spoked Asterisk
Objects,clothing,🕶️,Sunglasses
Animals & Nature,animal-mammal,🦣,Mammoth
Food & Drink,drink,🍹,Tropical Drink
Animals & Nature,sky-weather,❄️,Snowflake
Travel & Places,place-building,🏟️,Stadium
Activities,sport,🎿,Skis
Smileys & Emotions,face,🤔,Thinking Face
Travel & Places,transportation,🚡,Aerial Tramway
Animals & Nature,animal-bird,🐧,Penguin
People & Body,hands,🙌,Raising Hands
Symbols,alphanum,🔠,Input Latin Uppercase
Food & Drink,food-produce,🍑,Peach
Objects,money,💳,Credit Card
Objects,other-object,⚰️,Coffin
People & Body,family,👬,Men Holding Hands
Symbols,arrow-av,➡️,Right Arrow
Symbols,heart,💚,Green Heart
People & Body,person-activity,💃,Woman Dancing
Smileys & Emotions,face,🤒,Face with Thermometer
People & Body,body-parts,🫀,Anatomical Heart
Animals & Nature,animal-mammal,🐭,Mouse Face
People & Body,person,🤰,Pregnant Woman
Food & Drink,food-prepared,🍞,Bread
Objects,tool,🪜,Ladder
Objects,stationery,📕,Closed Book
Travel & Places,transportation,🚤,Speedboat
Objects,technology,📹,Video Camera
Animals & Nature,sky-weather,🌓,First Quarter Moon
Objects,clothing,👚,Woman's Clothes
Symbols,geometric,🟠,Orange Circle
Objects,stationery,📂,Open File Folder
Smileys & Emotions,face,😙,Kissing Face with Smiling Eyes
Objects,household,🚿,Shower
Travel & Places,place-other,🌃,Night with Stars
Animals & Nature,animal-marine,🐋,Whale
Objects,time,⌛,Hourglass Done
People & Body,hands,🤞,Crossed Fingers
Activities,event,🎫,Ticket
Objects,science,🩸,Drop of Blood
Smileys & Emotions,face,😎,Face with Sunglasses
Animals & Nature,animal-mammal,🐷,Pig Face
Symbols,alphanum,🈲,Japanese 'Prohibited' Button
Travel & Places,place-building,🏛️,Classical Building
Travel & Places,transportation,🏎️,Racing Car
Symbols,religion-zodiac,☪️,Star and Crescent
Activities,game,🧩,Puzzle Piece
Food & Drink,food-produce,🥥,Coconut
Symbols,arrow-av,↩️,Arrow Curving Left
Animals & Nature,plant-other,🌵,Cactus
Food & Drink,food-prepared,🥖,Baguette Bread
Symbols,emotion,💢,Anger Symbol
Symbols,transport-sign,🛂,Passport Control
People & Body,person,👴,Old Man
Objects,clothing,🧢,Billed Cap
Objects,stationery,📓,Notebook
Activities,sport,🥌,Curling Stone
Smileys & Emotions,face,😣,Persevering Face
Animals & Nature,sky-weather,🌨️,Cloud with Snow
Activities,arts-crafts,🧵,Thread
Travel & Places,transportation,🛢️,Oil Drum
People & Body,person-activity,🚣,Person Rowing Boat
Animals & Nature,plant-flower,🏵️,Rosette
Animals & Nature,animal-mammal,🐀,Rat
Objects,musical-instrument,🪊,Trombone
Objects,technology,🖲️,Trackball
Food & Drink,drink,🍸,Cocktail Glass
Objects,hotel,🧳,Luggage
Smileys & Emotions,face,😷,Face with Medical Mask
Symbols,warning,🚸,Children Crossing
People & Body,hands,🤏,Pinching Hand
People & Body,person-fantasy,🧜,Merperson
Animals & Nature,animal-bug,🐞,Ladybug
Food & Drink,food-sweet,🍰,Shortcake
Symbols,other-symbol,✅,Check Mark Button
Objects,tool,🦯,White Cane
Symbols,arrow-av,↘️,Down-Right Arrow
Symbols,geometric,🟫,Brown Square
Food & Drink,food-prepared,🍲,Pot of Food
Objects,clothing,👛,Purse
Animals & Nature,animal-bird,🦚,Peacock
Symbols,heart,💘,Heart with Arrow
Smileys & Emotions,face,😝,Squinting Face with Tongue
Objects,household,🪥,Toothbrush
People & Body,person,👰,Person with Veil
Objects,stationery,📩,Envelope with Arrow
Travel & Places,transportation,🛫,Airplane Departure
Food & Drink,food-produce,🍇,Grapes
People & Body,body-parts,🦵,Leg
Travel & Places,place-building,🕌,Mosque
Animals & Nature,sky-weather,⭐,Star
Animals & Nature,animal-mammal,🐿️,Chipmunk
Smileys & Emotions,face,☹️,Frowning Face
Symbols,alphanum,🈯,Japanese 'Reserved' Button
Flags,flag,🏳️,White Flag
Symbols,religion-zodiac,☮️,Peace Symbol
Smileys & Emotions,cat-face,😸,Grinning Cat with Smiling Eyes
Objects,writing,🖋️,Fountain Pen
Activities,event,🎋,Tanabata Tree
People & Body,hands,✌️,Peace Sign
Activities,sport,🏏,Cricket Game
Travel & Places,transportation,🛑,Stop Sign
Objects,office,📎,Paperclip
Travel & Places,place-geographic,🏔️,Snow-Capped Mountain
Objects,technology,📲,Mobile Phone with Arrow
Objects,clothing,🎓,Graduation Cap
Objects,sound,🔕,Bell with Slash
Smileys & Emotions,face,😱,Face Screaming in Fear
Food & Drink,food-prepared,🍱,Bento Box
Smileys & Emotions,face-costume,👾,Alien Monster
Objects,time,🕑,Two O'Clock
Activities,game,♟️,Chess Pawn
Symbols,arrow-av,⏯️,Play or Pause Button
Animals & Nature,animal-mammal,🐂,Ox
Symbols,alphanum,🅰️,Blood Type - A
Objects,stationery,✉️,Envelope
Symbols,punctuation,❓,Red Question Mark
Travel & Places,place-other,🎢,Roller Coaster
People & Body,person-activity,🕴️,Person in Suit Levitating
Animals & Nature,animal-marine,🦞,Lobster
People & Body,person,👮,Police Officer
Animals & Nature,sky-weather,🌕,Full Moon
Animals & Nature,plant-other,🪾,Leafless Tree
Smileys & Emotions,face,🫠,Melting Face
Objects,tool,🗜️,Clamp
Food & Drink,food-produce,🥝,Kiwi Fruit
Travel & Places,transportation,🛵,Motor Scooter
Travel & Places,place-map,🗺️,World Map
Travel & Places,place-building,🛖,Hut
Animals & Nature,animal-reptile,🐢,Turtle
Objects,money,💶,Euro Banknote
Food & Drink,dishware,🥄,Spoon
People & Body,hands,🫲,Leftwards Hand
Animals & Nature,animal-mammal,🐏,Ram
Smileys & Emotions,face,😈,Smiling Face with Horns
Objects,science,🩺,Stethoscope
Objects,household,🪒,Razor
Objects,clothing,👙,Bikini
Food & Drink,food-prepared,🧀,Cheese Wedge
Food & Drink,drink,🥂,Clinking Glasses
Symbols,arrow-av,⏭️,Next Track Button
Objects,stationery,📃,Page with Curl
Travel & Places,transportation,🚐,Minibus
Symbols,transport-sign,🚼,Baby Symbol
Symbols,alphanum,🆗,OK Button
Animals & Nature,sky-weather,🌛,First Quarter Moon Face
Symbols,religion-zodiac,♊️,Gemini Sign
Objects,technology,🖥️,Desktop Computer
People & Body,person,🤱,Breast-Feeding
Smileys & Emotions,face,☺️,Smiling Face
Symbols,heart,💞,Revolving Hearts
Symbols,emotion,💫,Dizzy
Animals & Nature,animal-bird,🐥,Front-Facing Baby Chick
Activities,event,🎃,Jack-O-Lantern
Activities,sport,⛳,Flag in Hole
People & Body,body-parts,👄,Mouth
Objects,music,🎚️,Level Slider
Animals & Nature,animal-mammal,🦫,Beaver
Symbols,other-symbol,☑️,Check Box with Check
People & Body,person-symbol,🗣️,Speaking Head
Smileys & Emotions,face,😃,Grinning Face with Big Eyes
Symbols,geometric,🔷,Large Blue Diamond
Food & Drink,food-produce,🥭,Mango
People & Body,person-activity,🏋️,Person Lifting Weights
Objects,clothing,👗,Dress
People & Body,hands,💅,Nail Polish
Travel & Places,transportation,⛽,Fuel Pump
Smileys & Emotions,monkey-face,🙈,See-No-Evil Monkey
Food & Drink,food-prepared,🍣,Sushi
Animals & Nature,animal-bug,🐛,Bug
Travel & Places,place-building,🏯,Japanese Castle
Smileys & Emotions,face,🤬,Face with Symbols on Mouth
People & Body,person-fantasy,🫈,Hairy Creature
Activities,game,🪅,Piñata
Objects,stationery,📅,Calendar
Objects,tool,🪚,Carpentry Saw
Symbols,arrow-av,↖️,Up-Left Arrow
Animals & Nature,sky-weather,🌥️,Sun Behind Large Cloud
Objects,other-object,🪦,Headstone
People & Body,person,👳,Person Wearing Turban
Symbols,alphanum,🈵,Japanese 'No Vacancy' Button
Animals & Nature,animal-mammal,🐺,Wolf
Objects,technology,⌨️,Keyboard
Objects,time,🕓,Four O'Clock
Food & Drink,food-sweet,🍯,Honey Pot
Travel & Places,transportation,⛵,Sailboat
Smileys & Emotions,face,🤧,Sneezing Face
Symbols,gender,⚧️,Transgender Symbol
Objects,lock,🔐,Locked with Key
Animals & Nature,plant-other,🪵,Wood
Objects,household,🧺,Basket
Symbols,warning,⛔,No Entry
Objects,clothing,🥾,Hiking Boot
Travel & Places,place-other,♨️,Hot Springs
Animals & Nature,animal-marine,🪸,Coral
Food & Drink,food-prepared,🍜,Steaming Bowl
People & Body,hands,☝️,Index Pointing Up
Symbols,religion-zodiac,🪯,Khanda
Animals & Nature,plant-flower,🌼,Blossom
Objects,musical-instrument,🪘,Long Drum
Food & Drink,food-produce,🧄,Garlic
Smileys & Emotions,face,🙃,Upside-Down Face
Animals & Nature,animal-mammal,🐃,Water Buffalo
Objects,stationery,📋,Clipboard
Animals & Nature,sky-weather,🪐,Ringed Planet
Travel & Places,transportation,🛬,Airplane Arrival
Activities,sport,🥎,Softball
Food & Drink,drink,🍵,Teacup Without Handle
Symbols,arrow-av,🛜,Wireless
People & Body,person,🤴,Prince
People & Body,person-activity,🧍,Person Standing
Activities,event,🎈,Balloon
Smileys & Emotions,face,🥺,Pleading Face
Symbols,alphanum,🆖,No Good Button
Symbols,heart,🩵,Light Blue Heart
Travel & Places,place-building,🕍,Synagogue
Objects,clothing,👞,Man's Shoe
Objects,technology,🪫,Low Battery
Food & Drink,food-prepared,🍡,Dango
Animals & Nature,animal-mammal,🐎,Horse
Travel & Places,transportation,🛩️,Small Airplane
Objects,tool,🪛,Screwdriver
Objects,office,✂️,Scissors
People & Body,body-parts,🫁,Lungs
Smileys & Emotions,face,🤮,Face Vomiting
Symbols,geometric,🟤,Brown Circle
Animals & Nature,animal-bird,🦢,Swan
People & Body,hands,🤘,Rock On!
Objects,science,🩹,Adhesive Bandage
Activities,award-medal,🥈,Second Place Medal
Objects,stationery,🗓️,Spiral Calendar
Animals & Nature,sky-weather,🌌,Milky Way
Activities,game,🕹️,Joystick
Food & Drink,food-produce,🍐,Pear
Smileys & Emotions,face,😜,Winking Face with Tongue
Symbols,transport-sign,🛅,Left Luggage
Symbols,arrow-av,⏺️,Record Button
Objects,household,🧻,Roll of Paper
People & Body,person,👦,Boy
Symbols,other-symbol,♻️,Recycling Symbol
Travel & Places,transportation,🚖,Oncoming Taxi
Smileys & Emotions,cat-face,😺,Grinning Cat
Symbols,alphanum,🔟,Ten
Animals & Nature,animal-mammal,🦘,Kangaroo
Objects,clothing,🥻,Sari
Symbols,religion-zodiac,♏️,Scorpio Sign
Objects,money,🪙,Coin
Food & Drink,food-prepared,🥟,Dumpling
Smileys & Emotions,face,😅,Grinning Face with Sweat
Travel & Places,place-geographic,⛰️,Mountain
Objects,sound,🔈,Speaker Low Volume
Symbols,emotion,💯,Hundred Points
Activities,sport,🥍,Lacrosse
Animals & Nature,plant-other,🍀,Four Leaf Clover
Objects,time,🕙,Ten O'Clock
Travel & Places,place-building,🏦,Bank
People & Body,hands,👋,Waving Hand
People & Body,person-resting,🛌,Person in Bed
People & Body,person-activity,👯,People with Bunny Ears
Objects,technology,📟,Pager
Animals & Nature,animal-bug,🪳,Cockroach
Animals & Nature,sky-weather,🌜,Last Quarter Moon Face
Objects,stationery,📑,Bookmark Tabs
Smileys & Emotions,face,🙁,Slightly Frowning Face
Travel & Places,transportation,🚂,Locomotive
Travel & Places,place-other,💈,Barber Pole
Activities,event,🎊,Confetti Ball
Animals & Nature,animal-marine,🐬,Dolphin
Animals & Nature,animal-mammal,🐕,Dog
Symbols,arrow-av,⬅️,Left Arrow
People & Body,person,👼,Baby Angel
Food & Drink,food-produce,🫜,Root Vegetable
Smileys & Emotions,face-costume,👹,Ogre
People & Body,person-fantasy,🧛,Vampire
Objects,tool,🪃,Boomerang
Objects,clothing,🦺,Safety Vest
Food & Drink,drink,🧉,Mate
Smileys & Emotions,face,😭,Loudly Crying Face
People & Body,family,👫,Woman and Man Holding Hands
Symbols,heart,💕,Two Hearts
Food & Drink,food-prepared,🧂,Salt
Symbols,alphanum,🈶,Japanese 'Not Free of Charge' Button
Activities,arts-crafts,🖼️,Framed Picture
Travel & Places,transportation,🚞,Mountain Railway
People & Body,hands,🤌,Pinched Fingers
Smileys & Emotions,face,🤢,Nauseated Face
Animals & Nature,sky-weather,🌫️,Fog
Symbols,geometric,🔻,Red Triangle Pointed Down
Animals & Nature,animal-mammal,🦍,Gorilla
Objects,household,🪠,Plunger
Objects,stationery,📘,Blue Book
Food & Drink,food-sweet,🍬,Candy
People & Body,body-parts,🧠,Brain
Animals & Nature,animal-reptile,🦖,T-Rex
Symbols,religion-zodiac,♑️,Capricorn Sign
Activities,game,🔫,Water Pistol
Objects,technology,🧮,Abacus
Travel & Places,place-building,🗽,Statue of Liberty
Animals & Nature,animal-bird,🐔,Chicken
People & Body,person,🤦,Person Facepalming
Smileys & Emotions,face,🫩,Face with Bags Under Eyes
Symbols,arrow-av,⏸️,Pause Button
Objects,clothing,👢,Woman's Boot
Travel & Places,transportation,🚚,Delivery Truck
Activities,sport,🥅,Goal Net
Symbols,warning,☣️,Biohazard
Food & Drink,food-prepared,🥠,Fortune Cookie
People & Body,person-activity,🏊,Person Swimming
Food & Drink,food-produce,🍋,Lemon
Symbols,alphanum,🔢,Input Numbers
Animals & Nature,animal-mammal,🦏,Rhinoceros
Travel & Places,place-map,🌐,Globe with Meridians
Objects,writing,🖌️,Paintbrush
Smileys & Emotions,face,😐,Neutral Face
Food & Drink,dishware,🍴,Fork and Knife
Objects,music,🎤,Microphone
People & Body,hands,🙏,Folded Hands
Animals & Nature,sky-weather,🌖,Waning Gibbous Moon
Objects,science,💊,Pill
Objects,stationery,🗒️,Spiral Notepad
Symbols,other-symbol,❇️,Sparkle
Travel & Places,transportation,🚦,Vertical Traffic Light
Animals & Nature,plant-other,☘️,Shamrock
Objects,tool,⚒️,Hammer and Pick
Activities,event,🎟️,Admission Tickets
Animals & Nature,plant-flower,🪷,Lotus
Smileys & Emotions,face,🤐,Zipper-Mouth Face
Objects,musical-instrument,🎹,Musical Keyboard
Objects,time,⏲️,Timer Clock
Objects,clothing,🩰,Ballet Shoes
Symbols,transport-sign,🏧,ATM Sign
People & Body,person,👧,Girl
Symbols,arrow-av,↙️,Down-Left Arrow
Food & Drink,food-prepared,🧇,Waffle
Objects,technology,💻,Laptop
Animals & Nature,animal-mammal,🐵,Monkey Face
Objects,other-object,🗿,Moai
Travel & Places,place-building,🕋,Kaaba
Smileys & Emotions,face,🤕,Face with Head-Bandage
Travel & Places,transportation,🚲,Bicycle
Symbols,heart,🤎,Brown Heart
Objects,office,📏,Straight Ruler
Food & Drink,drink,☕,Hot Beverage
Objects,household,🚽,Toilet
Travel & Places,place-other,🛝,Playground Slide
Animals & Nature,animal-marine,🐟,Fish
Symbols,alphanum,🈂️,Japanese 'Service Charge' Button
Symbols,religion-zodiac,♋️,Cancer Sign
Food & Drink,food-produce,🫐,Blueberries
Animals & Nature,sky-weather,🌝,Full Moon Face
People & Body,hands,🤜,Right-Facing Fist
Objects,stationery,📚,Books
Animals & Nature,animal-bug,🐌,Snail
Symbols,emotion,💥,Collision
Smileys & Emotions,face,😑,Expressionless Face
People & Body,person-activity,🏃,Person Running
Activities,sport,🤿,Diving Mask
Symbols,geometric,🔶,Large Orange Diamond
Objects,clothing,👖,Jeans
Flags,flag,🚩,Triangular Flag
Animals & Nature,animal-mammal,🦙,Llama
Activities,game,🎱,Eight Ball
People & Body,body-parts,🦻,Ear with Hearing Aid
Travel & Places,transportation,🚔,Oncoming Police Car
Food & Drink,food-prepared,🥘,Shallow Pan of Food
People & Body,person,🧔,Person with Beard
Symbols,arrow-av,🔄,Counterclockwise Arrows Button
Smileys & Emotions,face,😇,Smiling Face with Halo
Objects,money,💴,Yen Banknote
Animals & Nature,animal-bird,🪿,Goose
People & Body,person-fantasy,🧝,Elf
Objects,technology,☎️,Telephone
Objects,tool,⚖️,Balance Scale
People & Body,person-symbol,👥,People in Silhouette
Animals & Nature,sky-weather,⛈️,Cloud with Lightning and Rain
Symbols,alphanum,🈷️,Japanese 'Monthly Amount' Button
Smileys & Emotions,face,😉,Winking Face
Objects,stationery,📪,Closed Mailbox with Lowered Flag
Animals & Nature,animal-mammal,🦝,Raccoon
Activities,event,🎄,Christmas Tree
People & Body,hands,🫶,Heart Hands
Travel & Places,transportation,🚓,Police Car
Travel & Places,place-building,💒,Wedding
Food & Drink,food-produce,🍉,Watermelon
Objects,clothing,🥽,Goggles
Smileys & Emotions,cat-face,😾,Pouting Cat
Food & Drink,food-prepared,🍳,Cooking
Smileys & Emotions,face,🤓,Nerd Face
Animals & Nature,plant-other,🍄,Mushroom
People & Body,person,💇,Person Getting Haircut
Travel & Places,place-geographic,🏞️,National Park
Objects,household,🛋️,Couch and Lamp
Objects,sound,🔊,Speaker High Volume
Symbols,arrow-av,🔃,Clockwise Vertical Arrows
Symbols,religion-zodiac,♍️,Virgo Sign
Objects,time,🕘,Nine O'Clock
Food & Drink,food-sweet,🧁,Cupcake
Travel & Places,transportation,🚆,Train
Symbols,other-symbol,⭕,Hollow Red Circle
Animals & Nature,animal-mammal,🐒,Monkey
People & Body,person-activity,🏂,Snowboarder
Smileys & Emotions,face,😍,Heart-Eyes
Activities,sport,🎽,Running Shirt
Animals & Nature,sky-weather,⚡,High Voltage
Symbols,heart,💗,Growing Heart
Objects,stationery,📜,Scroll
Food & Drink,drink,🍼,Baby Bottle
People & Body,hands,✋,Raised Hand
Symbols,alphanum,🆔,ID Button
Objects,technology,🎥,Movie Camera
Objects,clothing,👕,T-Shirt
Objects,science,🩼,Crutch
Smileys & Emotions,face,🙂,Slightly Smiling Face
Food & Drink,food-prepared,🥪,Sandwich
Travel & Places,place-other,🌉,Bridge at Night
Travel & Places,transportation,🚒,Fire Engine
Activities,game,🔮,Crystal Ball
Animals & Nature,animal-marine,🐡,Blowfish
Symbols,geometric,🟥,Red Square
Food & Drink,food-produce,🌽,Ear of Corn
Travel & Places,place-building,🏨,Hotel
Symbols,transport-sign,🅿️,Parking
Objects,tool,🏹,Bow and Arrow
Symbols,warning,📵,No Mobile Phones
People & Body,person,👸,Princess
Animals & Nature,animal-mammal,🐽,Pig Nose
Symbols,arrow-av,📳,Vibration Mode
People & Body,body-parts,🤳,Selfie
Smileys & Emotions,face,🥱,Yawning Face
Animals & Nature,sky-weather,🔥,Fire
Smileys & Emotions,face-costume,👺,Goblin
Activities,event,🎗️,Reminder Ribbon
Symbols,punctuation,⁉️,Exclamation Question Mark
Objects,stationery,🗂️,Card Index Dividers
Objects,clothing,👒,Woman's Hat
Travel & Places,transportation,🚕,Taxi
Animals & Nature,animal-bird,🦩,Flamingo
People & Body,hands,👉,Index Pointing Right
Smileys & Emotions,face,🤥,Lying Face
Symbols,alphanum,🔣,Input Symbols
Animals & Nature,animal-bug,🦗,Cricket
Objects,lock,🔒,Locked
Symbols,religion-zodiac,✡️,Star of David
Objects,household,🧹,Broom
Animals & Nature,animal-mammal,🦧,Orangutan
Food & Drink,food-prepared,🍢,Oden
Objects,technology,🕯️,Candle
People & Body,person-activity,🧎,Person Kneeling
Symbols,emotion,🗨️,Speech Bubble
Animals & Nature,animal-reptile,🐲,Dragon Face
Activities,sport,🏈,American Football
Smileys & Emotions,face,🫤,Face with Diagonal Mouth
People & Body,person,🙍,Person Frowning
Animals & Nature,plant-flower,🌷,Tulip
Objects,musical-instrument,🎻,Violin
Food & Drink,food-produce,🫚,Ginger Root
Symbols,arrow-av,🔂,Repeat Single Button
Travel & Places,transportation,🚇,Metro
Objects,office,🗑️,Wastebasket
Animals & Nature,plant-other,🌾,Sheaf of Rice
Animals & Nature,sky-weather,🌀,Cyclone
Travel & Places,place-building,🏫,School
Objects,clothing,🩱,One-Piece Swimsuit
Objects,stationery,📈,Chart Increasing
Smileys & Emotions,face,🤪,Zany Face
Animals & Nature,animal-mammal,🫏,Donkey
Symbols,heart,💟,Heart Decoration
Objects,time,🕰️,Mantelpiece Clock
People & Body,person-fantasy,🦸,Superhero
People & Body,hands,🫱,Rightwards Hand
Objects,tool,⚔️,Crossed Swords
Food & Drink,food-prepared,🍟,French Fries
Symbols,alphanum,㊙️,Japanese 'Secret' Button
Travel & Places,transportation,💺,Seat
Food & Drink,drink,🍻,Clinking Beer Mugs
Objects,music,🎛️,Control Knobs
Smileys & Emotions,face,😮,Face with Open Mouth
Activities,game,♣️,Club Suit
Symbols,other-symbol,⚜️,Fleur-de-lis
Symbols,geometric,🟡,Yellow Circle
Activities,event,🎐,Wind Chime
People & Body,person,💂,Guard
Activities,award-medal,🎖️,Military Medal
Objects,technology,📼,Videocassette
Symbols,arrow-av,⤵️,Arrow Curving Down
Animals & Nature,animal-mammal,🐫,Two-Hump Camel
Smileys & Emotions,face,😁,Beaming Face
Objects,money,💰,Money Bag
Food & Drink,food-produce,🫛,Pea Pod
Objects,clothing,🧣,Scarf
Travel & Places,place-other,🌆,Cityscape at Dusk
Symbols,religion-zodiac,🔯,Dotted Six-Pointed Star
Animals & Nature,animal-marine,🦐,Shrimp
People & Body,body-parts,👁️,Eye
Objects,stationery,🪪,Identification Card
Objects,household,🪟,Window
Activities,arts-crafts,🪡,Sewing Needle
Travel & Places,place-map,🗾,Map of Japan
Travel & Places,transportation,🛼,Roller Skate
People & Body,person-activity,🤽,Person Playing Water Polo
Objects,other-object,🧿,Nazar Amulet
Food & Drink,dishware,🍽️,Fork and Knife with Plate
Food & Drink,food-prepared,🌮,Taco
People & Body,hands,🤝,Handshake
Activities,sport,🥋,Martial Arts Uniform
Objects,science,🩻,X-Ray
Smileys & Emotions,face,😪,Sleepy Face
Travel & Places,place-building,🏢,Office Building
Food & Drink,food-sweet,🥧,Pie
Symbols,alphanum,🆙,UP! Button
Animals & Nature,animal-bird,🐓,Rooster
Animals & Nature,animal-mammal,🐪,Camel
Symbols,transport-sign,🚹,Men's Room
People & Body,person,🙆,Person Gesturing OK
Travel & Places,transportation,🚏,Bus Stop
Smileys & Emotions,face,😠,Angry Face
Animals & Nature,sky-weather,🌩️,Cloud with Lightning
Objects,clothing,🧥,Coat
Symbols,arrow-av,⤴️,Arrow Curving Up
Objects,tool,⛏️,Pick
Objects,technology,🔋,Battery
Smileys & Emotions,cat-face,😹,Cat with Tears of Joy
Objects,stationery,📙,Orange Book
Animals & Nature,plant-other,🪨,Rock
Objects,writing,🖊️,Pen
Food & Drink,food-produce,🌰,Chestnut
Smileys & Emotions,face,🤗,Smiling Face with Open Hands
People & Body,hands,🖐️,Hand with Fingers Splayed
Animals & Nature,sky-weather,🌬️,Wind Face
People & Body,family,👭,Women Holding Hands
Symbols,heart,💓,Beating Heart
Food & Drink,food-prepared,🍘,Rice Cracker
Animals & Nature,animal-mammal,🐑,Ewe
Travel & Places,transportation,🚛,Articulated Lorry
Travel & Places,place-geographic,🌋,Volcano
Objects,sound,🔉,Speaker Medium Volume
Animals & Nature,animal-bug,🦂,Scorpion
Symbols,warning,🚭,No Smoking
Objects,time,🕒,Three O'Clock
Activities,game,🪁,Kite
Smileys & Emotions,face,😨,Fearful Face
Symbols,alphanum,🆑,Clear Button
Symbols,religion-zodiac,♈️,Aries Sign
People & Body,person-activity,🤺,Person Fencing
Food & Drink,drink,🥤,Cup with Straw
People & Body,person,🙅,Person Gesturing No
Travel & Places,place-building,🏩,Love Hotel
Animals & Nature,sky-weather,☔,Umbrella with Rain Drops
Activities,event,🎀,Ribbon
Objects,clothing,👑,Crown
Symbols,arrow-av,⬇️,Down Arrow
Symbols,geometric,🟨,Yellow Square
Objects,household,🪑,Chair
Activities,sport,🏀,Basketball
Objects,stationery,🔖,Bookmark
Travel & Places,transportation,🚁,Helicopter
Smileys & Emotions,face,😄,Grinning Face with Smiling Eyes
Animals & Nature,animal-mammal,🦨,Skunk
Food & Drink,food-prepared,🍔,Hamburger
Objects,technology,🎬,Clapper Board
Symbols,other-symbol,〽️,Part Alternation Mark
People & Body,body-parts,🦿,Mechanical Leg
Symbols,emotion,💨,Dashing Away
People & Body,hands,👊,Oncoming Fist
Food & Drink,food-produce,🫒,Olive
Smileys & Emotions,face,😟,Worried Face
People & Body,person-fantasy,🧌,Troll
Travel & Places,place-other,🎡,Ferris Wheel
Objects,tool,🛠️,Hammer and Wrench
Animals & Nature,animal-marine,🦭,Seal
Travel & Places,transportation,🚟,Suspension Railway
Objects,clothing,🪖,Military Helmet
Symbols,alphanum,🆘,SOS Button
Objects,office,📌,Pushpin
Animals & Nature,sky-weather,🌤️,Sun Behind Small Cloud
People & Body,person,👲,Person with Skullcap
Animals & Nature,animal-mammal,🐹,Hamster
Smileys & Emotions,face,🤤,Drooling Face
Animals & Nature,plant-flower,🌹,Rose
Objects,stationery,🗞️,Rolled-Up Newspaper
Symbols,arrow-av,⏪,Fast Reverse Button
Animals & Nature,animal-bird,🦅,Eagle
Objects,musical-instrument,🎷,Saxophone
Food & Drink,food-prepared,🫔,Tamale
Travel & Places,place-building,🏤,Post Office
People & Body,person-symbol,🫆,Fingerprint
People & Body,person-activity,⛷️,Skier
Symbols,religion-zodiac,⚛️,Atom Symbol
Smileys & Emotions,face,😳,Flushed Face
People & Body,hands,👏,Clapping Hands
Animals & Nature,plant-other,🪹,Empty Nest
Smileys & Emotions,face-costume,🤖,Robot
Symbols,heart,💖,Sparkling Heart
Objects,household,🛗,Elevator
Objects,technology,📠,Fax Machine
Smileys & Emotions,monkey-face,🙉,Hear-No-Evil Monkey
Objects,money,💸,Money with Wings
Travel & Places,transportation,🚍,Oncoming Bus
Animals & Nature,animal-mammal,🐖,Pig
Activities,sport,🏉,Rugby Football
Activities,event,🎏,Carp Streamer
People & Body,person,🧓,Older Person
Objects,science,💉,Syringe
Objects,clothing,👝,Clutch Bag
Activities,game,🃏,Joker
Food & Drink,food-produce,🍅,Tomato
Animals & Nature,sky-weather,💧,Droplet
Symbols,transport-sign,🚺,Women's Room
Smileys & Emotions,face,🥹,Face Holding Back Tears
Symbols,alphanum,Ⓜ️,Circled M
Symbols,geometric,🔺,Red Triangle Pointed Up
Flags,flag,🏁,Chequered Flag
Food & Drink,food-sweet,🍪,Cookie
Objects,stationery,📄,Page Facing Up
Food & Drink,drink,🫗,Pouring Liquid
Objects,time,🕛,Twelve O'Clock
Food & Drink,food-prepared,🌭,Hot Dog
Animals & Nature,animal-reptile,🦎,Lizard
Travel & Places,transportation,🛟,Ring Buoy
Symbols,arrow-av,📴,Mobile Phone Off
Symbols,gender,♂️,Male Symbol
Smileys & Emotions,face,🫣,Face with Peeking Eye
Smileys & Emotions,face-negative,☠️,Skull and Crossbones
Objects,tool,🪏,Shovel
Animals & Nature,animal-mammal,🐗,Boar
People & Body,hands,✊,Raised Fist
Animals & Nature,animal-bug,🕷️,Spider
Travel & Places,place-building,🏰,Castle
Objects,clothing,🧤,Gloves
People & Body,body-parts,🦷,Tooth
Smileys & Emotions,face,😀,Grinning Face
Animals & Nature,sky-weather,⛱️,Umbrella on Ground
Travel & Places,transportation,🚗,Automobile
Objects,technology,💽,Computer Disk
People & Body,person,👩,Woman
Objects,music,📻,Radio
Food & Drink,food-produce,🥕,Carrot
People & Body,person-activity,🤹,Person Juggling
Symbols,alphanum,🈹,Japanese 'Discount' Button
Food & Drink,food-prepared,🍙,Rice Ball
Animals & Nature,animal-marine,🫍,Orca
Objects,stationery,📝,Memo
Symbols,other-symbol,✴️,Eight-Pointed Star
Smileys & Emotions,face,😏,Smirking Face
Travel & Places,place-other,🏙️,Cityscape
Animals & Nature,animal-mammal,🐄,Cow
Symbols,arrow-av,🔼,Upwards Button
Symbols,emotion,💭,Thought Balloon
Objects,household,🚪,Door
Symbols,religion-zodiac,🕎,Menorah
Activities,sport,🏸,Badminton
Travel & Places,transportation,🛥️,Motor Boat
Animals & Nature,animal-bird,🕊️,Dove
People & Body,hands,🤛,Left-Facing Fist
Symbols,warning,🚱,Non-Potable Water
Objects,clothing,📿,Prayer Beads
Smileys & Emotions,face,🧐,Face with Monocle
Objects,other-object,⚱️,Funeral Urn
Activities,event,🪔,Diya Lamp
Animals & Nature,plant-other,🍃,Leaf Fluttering in Wind
Animals & Nature,sky-weather,🌗,Last Quarter Moon
Symbols,heart,❣️,Heart Exclamation
Activities,game,🎴,Flower Playing Cards
Animals & Nature,animal-mammal,🐁,Mouse
People & Body,person,🙎,Person Pouting
Food & Drink,food-prepared,🍤,Fried Shrimp
People & Body,person-fantasy,🧙,Mage
Objects,tool,🔧,Wrench
Smileys & Emotions,cat-face,😼,Cat with Wry Smile
Travel & Places,place-building,🏥,Hospital
Objects,stationery,📉,Chart Decreasing
Travel & Places,transportation,🚅,Bullet Train
Smileys & Emotions,face,😵,Face with Crossed-Out Eyes
Symbols,alphanum,㊗️,Japanese 'Congratulations' Button
Objects,technology,📽️,Film Projector
Food & Drink,food-produce,🍏,Green Apple
Symbols,geometric,🔵,Blue Circle
Symbols,arrow-av,📶,Antenna Bars
Travel & Places,place-geographic,🛘,Landslide
Objects,sound,📯,Postal Horn
Food & Drink,drink,🍷,Wine Glass
Smileys & Emotions,face,😰,Anxious Face with Sweat
Objects,time,🕕,Six O'Clock
Food & Drink,dishware,🫙,Jar
Objects,clothing,🥿,Flat Shoe
People & Body,hands,🫵,Index Pointing at the Viewer
Objects,science,🧬,DNA
People & Body,person-resting,🛀,Person Taking Bath
Travel & Places,place-map,🌍,Globe Showing Europe-Africa
Animals & Nature,animal-mammal,🐇,Rabbit
People & Body,person-activity,🚵,Person Mountain Biking
Animals & Nature,sky-weather,☁️,Cloud
Travel & Places,transportation,🪂,Parachute
Symbols,religion-zodiac,♒️,Aquarius Sign
Objects,office,🖇️,Linked Paperclips
Smileys & Emotions,face,😕,Confused Face
Food & Drink,food-prepared,🍖,Meat on Bone
Symbols,transport-sign,🛃,Customs
People & Body,body-parts,🦴,Bone
People & Body,person,👶,Baby
Objects,stationery,📨,Incoming Envelope
Activities,sport,⛸️,Ice Skate
Objects,lock,🔓,Unlocked
Objects,household,🪣,Bucket
Symbols,alphanum,🔡,Input Latin Lowercase
Smileys & Emotions,face,🤫,Shushing Face
Activities,arts-crafts,🎭,Performing Arts
Travel & Places,transportation,⚓,Anchor
Objects,clothing,👟,Running Shoe
Animals & Nature,plant-flower,🌻,Sunflower
Symbols,arrow-av,⏹️,Stop Button
Animals & Nature,animal-mammal,🦊,Fox
Travel & Places,place-building,🏗️,Building Construction
Objects,musical-instrument,🪕,Banjo
Objects,technology,📞,Telephone Receiver
Food & Drink,food-produce,🍊,Tangerine
Objects,hotel,🛎️,Bellhop Bell
Activities,event,🎎,Japanese Dolls
People & Body,hands,👎,Thumbs Down
Objects,money,🪎,Treasure Chest
Animals & Nature,sky-weather,🌡️,Thermometer
Animals & Nature,animal-bug,🪱,Worm
Objects,tool,🔗,Link
Food & Drink,food-sweet,🍧,Shaved Ice
Travel & Places,place-other,🌇,Sunset
Smileys & Emotions,face,😫,Tired Face
Animals & Nature,animal-marine,🦈,Shark
Symbols,other-symbol,⚕️,Rod of Asclepius
Food & Drink,food-prepared,🥨,Pretzel
Activities,game,♦️,Diamond Suit
Animals & Nature,animal-bird,🐤,Baby Chick
Symbols,heart,🩶,Grey Heart
Animals & Nature,plant-other,🍂,Fallen Leaf
People & Body,person,💆,Person Getting Massage
Objects,stationery,📖,Open Book
Travel & Places,transportation,🛸,Flying Saucer
Smileys & Emotions,face,🫢,Face with Open Eyes and Hand Over Mouth
Animals & Nature,animal-mammal,🐴,Horse Face
Objects,clothing,🩴,Thong Sandal
Symbols,alphanum,🆚,Versus Button
People & Body,hands,👌,OK Hand
Symbols,geometric,🟣,Purple Circle
People & Body,person-activity,🏇,Horse Racing
Symbols,arrow-av,◀️,Reverse Button
Smileys & Emotions,face,🙄,Eye Roll
Food & Drink,food-produce,🥬,Leafy Green
Animals & Nature,sky-weather,🌘,Waning Crescent Moon
Symbols,religion-zodiac,⛎️,Ophiuchus Sign
Objects,writing,✒️,Black Nib
Activities,award-medal,🥇,First Place Medal
Symbols,emotion,💬,Speech Balloon
Food & Drink,drink,🍺,Beer Mug
Activities,sport,🛷,Sled
Travel & Places,transportation,🚑,Ambulance
Objects,technology,📸,Camera with Flash
Food & Drink,food-prepared,🥐,Croissant
Objects,household,🧴,Lotion Bottle
Travel & Places,place-building,🗼,Tokyo Tower
Smileys & Emotions,face-costume,🤡,Clown Face
Objects,time,⏳,Hourglass Not Done
Animals & Nature,animal-mammal,🐘,Elephant
Symbols,punctuation,‼️,Double Exclamation Mark
Objects,stationery,🏷️,Label
Smileys & Emotions,face,🫥,Dotted Line Face
People & Body,person,🧕,Woman with Headscarf
People & Body,body-parts,👀,Eyes
Objects,clothing,⛑️,Rescue Worker's Helmet
People & Body,person-fantasy,🧟,Zombie
Objects,tool,🧰,Toolbox
Travel & Places,transportation,🛳️,Passenger Ship
Activities,event,🎍,Pine Decoration
Symbols,arrow-av,⏩,Fast-Forward Button
Smileys & Emotions,face,🥶,Cold Face
Symbols,alphanum,🈴,Japanese 'Passing Grade' Button
Animals & Nature,animal-reptile,🦕,Sauropod
Animals & Nature,sky-weather,🌂,Closed Umbrella
People & Body,hands,👐,Open Hands
Symbols,warning,🚳,No Bicycles
Animals & Nature,animal-mammal,🐰,Rabbit Face
Objects,science,🧪,Test Tube
Food & Drink,food-prepared,🥩,Cut of Meat
People & Body,person-activity,⛹️,Person Bouncing Ball
Smileys & Emotions,face,🤩,Star-Struck
Activities,game,🪄,Magic Wand
Food & Drink,food-produce,🥑,Avocado
Objects,stationery,📬,Open Mailbox with Raised Flag
Objects,technology,📀,DVD
Travel & Places,transportation,🚃,Railway Car
Symbols,transport-sign,🚮,Litter in Bin Sign
People & Body,family,💏,Kiss
Symbols,religion-zodiac,♐️,Sagittarius Sign
Symbols,heart,💛,Yellow Heart
Objects,clothing,💄,Lipstick
Travel & Places,place-building,🏡,House with Garden
People & Body,person,🙋,Person Raising Hand
Travel & Places,place-other,🌁,Foggy
Animals & Nature,animal-marine,🦀,Crab
Animals & Nature,plant-other,🌲,Evergreen Tree
Smileys & Emotions,face,😛,Face with Tongue
Animals & Nature,animal-bird,🪽,Wing
Activities,sport,🏒,Ice Hockey
Objects,music,🎶,Musical Notes
Animals & Nature,animal-mammal,🦮,Guide Dog
Symbols,arrow-av,⏫,Fast Up Button
Symbols,other-symbol,🔰,Japanese Symbol for Beginner
People & Body,person-symbol,👤,Person in Silhouette
Animals & Nature,sky-weather,🌦️,Sun Behind Rain Cloud
Symbols,geometric,🔘,Radio Button
Objects,household,🛏️,Bed
Symbols,alphanum,🈁,Japanese 'Here' Button
People & Body,hands,🫰,Hand with Index Finger and Thumb Crossed
Travel & Places,transportation,🚝,Monorail
Objects,office,💼,Briefcase
Smileys & Emotions,face,😓,Downcast Face with Sweat
Food & Drink,food-prepared,🥞,Pancakes
Animals & Nature,animal-bug,🪲,Beetle
Smileys & Emotions,cat-face,😽,Kissing Cat
Food & Drink,drink,🧊,Ice
Objects,stationery,🗳️,Ballot Box with Ballot
Objects,tool,🧲,Magnet
Objects,other-object,🚬,Cigarette
Objects,clothing,👜,Handbag
People & Body,person,🫄,Pregnant Person
Travel & Places,place-geographic,🏕️,Camping
Animals & Nature,animal-mammal,🦔,Hedgehog
Smileys & Emotions,face,🫡,Saluting Face
Objects,sound,📢,Loudspeaker
Food & Drink,food-produce,🌶️,Hot Pepper
Objects,technology,💡,Light Bulb
Activities,event,🎁,Wrapped Gift
Objects,time,🕐,One O'Clock
Food & Drink,food-sweet,🍭,Lollipop
Travel & Places,transportation,🛻,Pickup Truck
People & Body,person-activity,🧖,Person in Steamy Room
Animals & Nature,sky-weather,⛅,Sun Behind Cloud
People & Body,body-parts,🦾,Mechanical Arm
Objects,money,💷,Pound Banknote
Symbols,arrow-av,🔁,Repeat Button
Smileys & Emotions,face,😚,Kissing Face with Closed Eyes
Travel & Places,place-building,🏠,House
Food & Drink,food-prepared,🥓,Bacon
People & Body,hands,🤙,Call Me Hand
Symbols,alphanum,🆕,NEW Button
Symbols,religion-zodiac,☦️,Orthodox Cross
Animals & Nature,plant-flower,🌸,Cherry Blossom
Objects,musical-instrument,🪗,Accordion
Animals & Nature,animal-mammal,🐻,Bear
Objects,stationery,📗,Green Book
Symbols,emotion,💋,Kiss Mark
Travel & Places,transportation,🛞,Wheel
Activities,game,🀄,Mahjong Red Dragon
Smileys & Emotions,face,😥,Sad but Relieved Face
Objects,clothing,🛍️,Shopping Bags
Activities,sport,⚾,Baseball
People & Body,person,💁,Person Tipping Hand
Symbols,heart,💔,Broken Heart
Objects,household,🫧,Bubbles
Food & Drink,food-produce,🥜,Peanuts
Smileys & Emotions,face,👿,Angry Face with Horns
Animals & Nature,sky-weather,⛄,Snowman Without Snow
Travel & Places,place-map,🌏,Globe Showing Asia-Australia
Objects,technology,🎞️,Film Frames
Animals & Nature,plant-other,🌱,Seedling
Food & Drink,food-prepared,🥣,Bowl with Spoon
Symbols,arrow-av,⏮️,Last Track Button
People & Body,person-fantasy,🧚,Fairy
Animals & Nature,animal-mammal,🦡,Badger
Travel & Places,transportation,🦼,Motorized Wheelchair
Objects,tool,⚙️,Gear
Food & Drink,dishware,🔪,Kitchen Knife
Symbols,geometric,💠,Diamond with a Dot
Animals & Nature,animal-bird,🦉,Owl
People & Body,hands,👇,Index Pointing Down
Flags,flag,🏴,Black Flag
Objects,science,🧫,Petri Dish
Symbols,alphanum,🈳,Japanese 'Vacancy' Button
Travel & Places,place-other,⛺,Tent
Animals & Nature,animal-marine,🐙,Octopus
Smileys & Emotions,face,🥲,Smiling Face with Tear
Objects,stationery,📭,Open Mailbox with Lowered Flag
Objects,clothing,🩳,Shorts
People & Body,person-activity,🏌️,Person Golfing
Travel & Places,place-building,⛩️,Shinto Shrine
Symbols,transport-sign,♿,Wheelchair Symbol
People & Body,person,🧏,Deaf Person
Symbols,other-symbol,📛,Name Badge
Food & Drink,drink,🥛,Glass of Milk
Travel & Places,transportation,🚊,Tram
Smileys & Emotions,face,😊,Smiling Face with Smiling Eyes
Animals & Nature,animal-mammal,🦌,Deer
Symbols,religion-zodiac,☸️,Wheel of Dharma
Activities,event,🧧,Red Envelope
Symbols,warning,☢️,Radioactive
Animals & Nature,sky-weather,🌪️,Tornado
Food & Drink,food-prepared,🧆,Falafel
Symbols,arrow-av,↪️,Arrow Curving Right
Food & Drink,food-produce,🍒,Cherries
Activities,sport,🎣,Fishing Pole
Objects,time,⏱️,Stopwatch
Smileys & Emotions,face,😌,Relieved Face
People & Body,hands,🖕,Middle Finger
People & Body,body-parts,👅,Tongue
Objects,technology,🔌,Electric Plug
Animals & Nature,animal-bug,🐜,Ant
Objects,clothing,🩲,Briefs
Symbols,alphanum,🆎,Blood Type - AB
Objects,stationery,📒,Ledger
Objects,household,🪤,Mouse Trap
Activities,game,🧸,Teddy Bear
Travel & Places,transportation,🚨,Police Car Light
Animals & Nature,sky-weather,🌊,Water Wave
Animals & Nature,animal-mammal,🐈,Cat
Smileys & Emotions,face,😧,Anguished Face
People & Body,person,🤷,Person Shrugging
Smileys & Emotions,face-costume,👻,Ghost
Objects,tool,🔩,Nut and Bolt
Travel & Places,place-building,🏭,Factory
Symbols,heart,💙,Blue Heart
Food & Drink,food-prepared,🫓,Flatbread
Smileys & Emotions,face,🥳,Partying Face
Activities,arts-crafts,🧶,Yarn
Travel & Places,transportation,🚋,Tram Car
People & Body,person-activity,🕺,Man Dancing
Objects,office,🗃️,Card File Box
Symbols,arrow-av,🔅,Dim Button
People & Body,hands,✍️,Writing Hand
Objects,clothing,🥼,Lab Coat
Animals & Nature,plant-other,🪴,Potted Plant
Symbols,geometric,🟧,Orange Square
Animals & Nature,animal-mammal,🦓,Zebra
Food & Drink,food-produce,🍍,Pineapple
Objects,stationery,📧,E-Mail
Food & Drink,food-sweet,🍫,Chocolate Bar
Animals & Nature,animal-reptile,🐍,Snake
Smileys & Emotions,face,🤭,Face with Hand Over Mouth
Symbols,alphanum,ℹ️,Information
Symbols,religion-zodiac,♓️,Pisces Sign
Objects,technology,🖱️,Computer Mouse
Animals & Nature,animal-bird,🦃,Turkey
People & Body,person,🫅,Person with Crown
Travel & Places,transportation,🚌,Bus
Symbols,emotion,🫯,Fight Cloud
Animals & Nature,sky-weather,☂️,Umbrella
Activities,sport,🥏,Flying Disc
Travel & Places,place-other,🎠,Carousel Horse
Food & Drink,food-prepared,🍠,Roasted Sweet Potato
Animals & Nature,animal-marine,🐠,Tropical Fish
Smileys & Emotions,face,😔,Pensive Face
Objects,money,💹,Chart Increasing with Yen
Food & Drink,drink,🥃,Tumbler Glass
Animals & Nature,animal-mammal,🦬,Bison
Smileys & Emotions,cat-face,🙀,Weary Cat
Objects,writing,✏️,Pencil
Objects,clothing,🧦,Socks
Objects,lock,🗝️,Old Key
Activities,event,🎑,Moon Viewing Ceremony
Objects,household,🛒,Shopping Cart
Symbols,arrow-av,↕️,Up-Down Arrow
Objects,music,🎧,Headphones
Travel & Places,place-building,🏚️,Derelict House
People & Body,hands,🫸,Rightwards Pushing Hand
Objects,science,🔭,Telescope
Smileys & Emotions,face,😴,Sleeping Face
Objects,stationery,📆,Tear-Off Calendar
Symbols,other-symbol,🫟,Splatter
Travel & Places,transportation,🏍️,Motorcycle
People & Body,person-fantasy,🤶,Mrs. Claus
Travel & Places,place-geographic,🗻,Mount Fuji
Objects,sound,🔇,Muted Speaker
Objects,tool,🪓,Axe
People & Body,body-parts,💪,Flexed Biceps
Animals & Nature,plant-flower,🥀,Wilted Flower
Objects,musical-instrument,🪉,Harp
Objects,time,🕖,Seven O'Clock
Activities,game,♥️,Heart Suit
Food & Drink,food-produce,🍈,Melon
Symbols,alphanum,🅾️,Blood Type - O
People & Body,person-activity,🏄,Person Surfing
Symbols,transport-sign,🚾,Water Closet
Smileys & Emotions,face,😆,Grinning Squinting Face
Animals & Nature,sky-weather,🌟,Glowing Star
Food & Drink,food-prepared,🍚,Cooked Rice
Objects,technology,💾,Floppy Disk
Animals & Nature,animal-mammal,🦛,Hippopotamus
People & Body,person,🧑,Person
Symbols,math,♾️,Infinity
Objects,other-object,🪬,Hamsa Amulet
Travel & Places,transportation,🛶,Canoe
Symbols,heart,💌,Love Letter
Objects,clothing,🪭,Folding Hand Fan
Smileys & Emotions,face,🥴,Woozy Face
Symbols,religion-zodiac,🛐,Place of Worship
Symbols,arrow-av,⏬,Fast Down Button
Objects,stationery,📔,Notebook with Decorative Cover
Animals & Nature,animal-bug,🪰,Fly
Activities,event,🧨,Firecracker
Activities,sport,🏐,Volleyball
People & Body,hands,🤲,Palms Up Together
Symbols,geometric,🟢,Green Circle
Animals & Nature,plant-other,🍁,Maple Leaf
Activities,award-medal,🥉,Third Place Medal
Animals & Nature,animal-mammal,🐩,Poodle
Smileys & Emotions,face,😤,Face with Steam From Nose
Travel & Places,place-building,🏪,Convenience Store
Travel & Places,transportation,🚄,High-Speed Train
Symbols,alphanum,🈸,Japanese 'Application' Button
Animals & Nature,sky-weather,☀️,Sun
Food & Drink,food-prepared,🍗,Poultry Leg
People & Body,person,🧒,Child
Symbols,warning,🚯,No Littering
Food & Drink,food-produce,🧅,Onion
Objects,household,🪞,Mirror
Animals & Nature,animal-bird,🐣,Hatching Chick
Objects,clothing,👔,Necktie
Smileys & Emotions,face,😩,Weary Face
Objects,technology,💿,Optical Disk
Objects,tool,🔨,Hammer
People & Body,person-symbol,🫂,People Hugging
Food & Drink,drink,🍾,Bottle with Popping Cork
People & Body,person-activity,🤸,Person Cartwheeling
Objects,stationery,📤,Outbox Tray
Animals & Nature,animal-mammal,🐅,Tiger
Symbols,arrow-av,🔀,Shuffle Tracks Button
People & Body,hands,🫷,Leftwards Pushing Hand
Travel & Places,transportation,🛤️,Railway Track
Smileys & Emotions,monkey-face,🙊,Speak-No-Evil Monkey
Travel & Places,place-other,🎪,Circus Tent
Animals & Nature,animal-marine,🦪,Oyster
Smileys & Emotions,face,😞,Disappointed Face
Activities,game,🎯,Bullseye
Food & Drink,food-prepared,🥚,Egg
Animals & Nature,sky-weather,☄️,Comet
People & Body,person,🕵️,Detective
Symbols,alphanum,🆓,FREE Button
People & Body,body-parts,🫦,Biting Lip
Symbols,religion-zodiac,♉️,Taurus Sign
Smileys & Emotions,face,🤑,Money-Mouth Face
Objects,clothing,💎,Gem Stone
Objects,time,🕔,Five O'Clock
Food & Drink,food-sweet,🍩,Doughnut
Travel & Places,transportation,🚢,Ship
Objects,office,📍,Round Pushpin
Symbols,gender,♀️,Female Symbol
Food & Drink,food-produce,🫘,Beans
Travel & Places,place-building,🏘️,Houses
Symbols,other-symbol,❎,Cross Mark Button
Symbols,emotion,💤,Zzz
Animals & Nature,animal-mammal,🦦,Otter
Activities,sport,🎳,Bowling
Travel & Places,place-map,🧭,Compass
People & Body,family,💑,Couple with Heart
Activities,event,🏮,Red Paper Lantern
Objects,stationery,📦,Package
Food & Drink,dishware,🏺,Amphora
Smileys & Emotions,face,😘,Blowing a Kiss
People & Body,hands,🫴,Palm Up Hand
Objects,technology,📺,Television
Symbols,arrow-av,🔆,Bright Button
Objects,science,📡,Satellite Antenna
Food & Drink,food-prepared,🥫,Canned Food
Animals & Nature,sky-weather,🌧️,Cloud with Rain
Symbols,heart,🩷,Pink Heart
Travel & Places,transportation,🚧,Construction
Symbols,geometric,🟦,Blue Square
Objects,household,🧽,Sponge
People & Body,person-fantasy,🧞,Genie
Symbols,transport-sign,🛄,Baggage Claim
Objects,tool,💣,Bomb
People & Body,person,👵,Old Woman
Animals & Nature,animal-mammal,🐯,Tiger Face
Objects,clothing,👘,Kimono
Animals & Nature,plant-other,🌴,Palm Tree
Smileys & Emotions,face,😗,Kissing Face
Objects,money,💵,Dollar Banknote
Symbols,alphanum,🉑,Japanese 'Acceptable' Button
People & Body,person-activity,🚶,Person Walking